Plant	Name of Plant	Plant Family	Virus Genome	Virus Type	Virus Family	Name of Virus	Virus Strain	Type of Extract	Active Class	Actve Compound	Title of Paper	Name of Author	Reference of Journal	PMID No.
Angiosperm(Phanerogams)	Jasminum officinale L.	Oleaceae	DNA	Class VII	Hepadnaviridae	HBV (Hepatitis B Virus)		Hydroalcoholic extract		Ole	Antiviral efficacy against hepatitis B virus replication of oleuropein isolated from Jasminum officinale L. var. grandiflorum	Zhao G. et. al.	J Ethnopharmacol. 2009 Sep 7;125(2):265-8	19580857
Angiosperm(Phanerogams)	Lactuca sativa var.	Asteraceae	RNA	Class IV	Picornaviridae	Cox	Cox-B3	Butanol extract, Ethyl acetate extract and Methanol extract	Phenolic compounds- Flavonoids, Tannins		Antioxidant, antibacterial, and antiviral effects of Lactuca sativa extracts	Edziri HL. et. al.	Industrial Crops and ProductsVolume 34, Issue 1, July 2011, Pages 1182-1185	
Angiosperm(Phanerogams)	Myrothamnus flabelifolia Welw.	Myrothamnaceae	DNA	Class I	Herpesviridae	HSV	HSV-1		Polyphenols compounds- Tannins		Proanthocyanidin-enriched extract from Myrothamnus flabellifolia Welw. exerts antiviral activity against herpes simplex virus type 1 by inhibition of viral adsorption and penetration	Gescher K. et. al.	J Ethnopharmacol. 2011 Mar 24;134(2)	21211557
Angiosperm(Phanerogams)	Psidium guajava Linn.	Myrtaceae	DNA	Class I	Nimaviridae	WSSV			Flavonoids, Resins, Coumarins, Phenols, Quinines, Alkaloids, Tannins, Polyphenols		Screening and characterization of antiviral compounds from Psidium guajava Linn. root bark against white spot syndrome virus	Velmurugan S. et. al.	Indian Journal of Natural Product and Resources Vol.3(2), June 2012,pp.208-214	
Angiosperm(Phanerogams)	Myristica fragrance Houtt.	Myristicaceae	RNA	Class VI	Retroviridae	Human Leukemia Virus		Methanol extract	Polyphenols		Myristica fragrans Houtt. Methanolic Extract induces Apoptosis in a Human Leukemia Cell Line through SIRT1 mRNA Downregulation	Chirathaworn C. et. al.	J Med Assoc Thai. 2007 Nov;90(11):2422-8	18181330
Angiosperm(Phanerogams)	Zizyphusspina christi	Rhamnaceae	RNA	Class V	Paramyxoviridae	NDV		Methanol extract	Protenaceous substances, Polypeptides		The antibacterial, antiviral activities and phytochemical screening of some Sudanese medicinal plants	Letidal EL. and Mahasin EL. et. al.	EurAsian Journal of BioSciencesEurAsia J BioSci 4, 8-16 (2010)	
Angiosperm(Phanerogams)	Artocarpous heterophyllus Lam.	Moraceae	RNA	Class VI	Retroviridae	HIV	HIV-1	Crude hexane extract			Anti-HIV-1 reverse transcriptase activities of hexane extracts from some Asian medicinal plants	Silprasit K. et. al.	Journal of Medicinal Plants Research Vol. 5(19), pp. 4899-4906, 23 September, 2011	
Angiosperm(Phanerogams)	Calophyllum lanigerum Miq.var	Calophyllaceae	RNA	Class VI	Retroviridae	HIV		Crude hexane extract		Calanolide A- Coumarins	Anti-HIV-1 reverse transcriptase activities of hexane extracts from some Asian medicinal plants	Silprasit K. et. al.	Journal of Medicinal Plants Research Vol. 5(19), pp. 4899-4906, 23 September, 2011	
Angiosperm(Phanerogams)	Swertia macrosperma	Gentianaceae	RNA	Class VI	Retroviridae	HIV		Crude hexane extract		Swertiabisxanthone-1	Anti-HIV-1 reverse transcriptase activities of hexane extracts from some Asian medicinal plants	Silprasit K. et. al.	Journal of Medicinal Plants Research Vol. 5(19), pp. 4899-4906, 23 September, 2011	
Angiosperm(Phanerogams)	Swertia punicea	Gentianaceae	RNA	Class VI	Retroviridae	HIV		Crude hexane extract		Swertipunicoside	Anti-HIV-1 reverse transcriptase activities of hexane extracts from some Asian medicinal plants	Silprasit K. et. al.	Journal of Medicinal Plants Research Vol. 5(19), pp. 4899-4906, 23 September, 2011	
Angiosperm(Phanerogams)	Swertia franchetiana	Gentianaceae	RNA	Class VI	Retroviridae	HIV		Crude hexane extract		Swertifrancheside	Anti-HIV-1 reverse transcriptase activities of hexane extracts from some Asian medicinal plants	Silprasit K. et. al.	Journal of Medicinal Plants Research Vol. 5(19), pp. 4899-4906, 23 September, 2011	
Angiosperm(Phanerogams)	Juglans mandshurica	Juglandaceae	RNA	Class VI	Retroviridae	HIV			Flavonoids	Glucopyranosides	Anti-HIV-1 reverse transcriptase activities of hexane extracts from some Asian medicinal plants	Silprasit K. et. al.	Journal of Medicinal Plants Research Vol. 5(19), pp. 4899-4906, 23 September, 2011	
Angiosperm(Phanerogams)	Caesalpinia pulcherrima	Fabaceae	DNA	Class I	Herpesviridae	HSV	HSV-1	Aqueous extract	Flavonoids	Quercetin	In vitro antiviral activities of Caesalpinia pulcherrima and its related flavonoids	Chiang LC. et. al.	J Antimicrob Chemother. 2003 Aug;52(2):194-8. Epub 2003 Jul 1	12837746
Angiosperm(Phanerogams)	Trollius chinensis	Ranunculaceae	RNA	Class V	Paramyxoviridae	Parainfluenza virus	Parainfluenza virus-3	Crude ethanol extract	Flavonoids	Orientin, Vitexin	Antiviral activities of flavonoids and organic acid from Trollius chinensis Bunge	Li YL. et. al.	J Ethnopharmacol. 2002 Mar;79(3):365-8	11849843
Angiosperm(Phanerogams)	Polygonatum cyrtonema	Asparagaceae	DNA	Class I	Herpesviridae	HSV				Neutral polysaccharide- PD	Structure of polysaccharide from Polygonatum cyrtonema Hua and the antiherpetic activity of its hydrolyzed fragments	Liu F. et. al.	Antiviral Res. 2004 Sep;63(3):183-9	15451186
Angiosperm(Phanerogams)	Coffea arabica	Rubiaceae	DNA	Class VII	Hepadnaviridae	HBV (Hepatitis B Virus)			Polyphenols	Chlorogenic acid Quinic acid, Caffeic acid.	Anti-hepatitis B virus activity of chlorogenic acid, quinic acid and caffeic acid in vivo and in vitro	Wang GF. et. al.	Antiviral Res. 2009 Aug;83(2):186-90	19463857
Angiosperm(Phanerogams)	Carissa edulis	Apocynaceae	DNA	Class I	Herpesviridae	HSV					Anti-viral activity of the extracts of a Kenyan medicinal plant Carissa edulis against herpes simplex virus	Tolo FM. et. al.	J Ethnopharmacol. 2006 Mar 8;104(1-2):92-9	16198524
Angiosperm(Phanerogams)	Phyllanthus urinaria	Phyllanthaceae	DNA	Class I	Herpesviridae	HSV		Aqueous extract			Anti herpes simplex virus property of Phyllanthus urinaria (L) as shown by plaque reduction assay	Parseno.	Medical Journal of Indonessia Vol 7 No. 1, january- March 1998	
Angiosperm(Phanerogams)	Agastache rugosa	Lamiaceae	RNA	Class VI	Retroviridae	HIV		Aqueous and Methanol extract		Rosmarinic acid	HIV integrase inhibitory activity of Agastache rugosa	Kim HK. et. al.	Arch Pharm Res. 1999 Oct;22(5):520-3	10549582
Angiosperm(Phanerogams)	Andrographis paniculata	Acanthaceae	RNA	Class VI	Retroviridae	HIV		Aqueous extract			Screening of Indonesian plant extracts for anti‐human immunodeficiency virus—type 1 (HIV‐1) activity	Otake T. et. al.	Phytotherapy Research. 1995 Feb.Volume 9, Issue 1 6-10	
Angiosperm(Phanerogams)	Acer okamotoanum	Aceraceae	RNA	Class VI	Retroviridae	HIV		Ethyl acetate extract	Flavonoids	Gallate ester	A New Flavonol Glycoside Gallate Ester from Acer okamotoanum and Its Inhibitory Activity against Human Immunodeficiency Virus-1 (HIV-1) Integrase	Kim HJ. et. al.	J Nat Prod. 1998 Jan;61(1):145-8	9461665
Thallophyta	Lentinus edodes mycelia	Agaricaceae	RNA	Class VI	Retroviridae	HIV				Sulfated lentinan	Structural Characterization of the Immunoactive and Antiviral Water-solubilized Lignin in an Extract of the Culture Medium of Lentinus edodes Mycelia (LEM)	Suzuki H. et. al.	Agric Biol Chem. 1990 Feb;54(2):479-87	1368512
Angiosperm(Phanerogams)	Galanthus nivalis L.	Amaryllidaceae	RNA	Class VI	Retroviridae	HIV			Lectins	G. nivalis agglutinin (GNA)	Differential in vitro inhibitory activity against HIV-1 of alpha-(1-3)- and alpha-(1-6)-D-mannose specific plant lectins : Implication for microbicide development	Saidi H. et. al.	J Transl Med. 2007 Jun 12;5:28	17565674
Angiosperm(Phanerogams)	Hippeastrum hybrid	Amaryllidaceae	RNA	Class VI	Retroviridae	HIV				Hippeastrum Hybrid Agglutinin (HHA), Monocot Mannose-Binding Lectins (MBLs)	Marked depletion of glycosylation sites in HIV-1 gp120 under selection pressure by the mannose-specific plant lectins of Hippeastrum hybrid and Galanthus nivalis	Balzarini J. et. al.	Mol Pharmacol. 2005 May;67(5):1556-65. Epub 2005 Feb 17	15718224
Angiosperm(Phanerogams)	Rhus succedanea	Anacardiaceae	RNA	Class VI	Retroviridae	HIV			Biflavonoids, Robustaflavone, Hinokiflavone		In Vitro Anti-HIV Activity of Biflavonoids Isolated from Rhus succedanea and Garcinia multiflora	Lin YM. et. al.	J Nat Prod. 1997 Sep;60(9):884-8	9322359
Angiosperm(Phanerogams)	Garcinia multiflora	Clusiaceae	RNA	Class VI	Retroviridae	HIV			Biflavonoids, Robustaflavone, Hinokiflavone		In Vitro Anti-HIV Activity of Biflavonoids Isolated from Rhus succedanea and Garcinia multiflora	Lin YM. et. al.	J Nat Prod. 1997 Sep;60(9):884-	9322359
Angiosperm(Phanerogams)	Ancistrocladus korupensis	Ancistrocladaceae	RNA	Class VI	Retroviridae	HIV				Michellamines A and B	Anti-HIV Michellamines from Ancistrocladus korupensis	Boyd MR. et. al.	J Med Chem. 1994 Jun 10;37(12):1740-5	8021914
Angiosperm(Phanerogams)	Polyalthia suberosa	Annonaceae	RNA	Class VI	Retroviridae	HIV			Triterpene, Suberosol	Lanostane	Anti-AIDS Agents, 9. Suberosol, a New C31 Lanostane-Type Triterpene and Anti-HIV Principle from Polyalthia suberosa	Li HY. et. al.	J Nat Prod. 1993 Jul;56(7):1130-3	8377018
Angiosperm(Phanerogams)	Lomatium suksdorfii	Apiaceae	RNA	Class VI	Retroviridae	HIV				Suksdorfin	New developments in natural products‐based anti‐AIDS research	Yu D. et. al.	Med Res Rev. 2007 Jan;27(1):108-32	16888749
Thallophyta	Agardhiella tenera	Areschougiaceae	RNA	Class VI	Retroviridae	HIV				Sulfonated polysaccharides	Ethnomedicinal plants and other natural products with anti-HIV active compounds and their putative modes of action	Chinsembu KC. and Hedimbi M.	International Journal for Biotechnology and Molecular Biology Research (IJBMBR) 2010 Vol.1 No.6 pp.74-91	
Angiosperm(Phanerogams)	Bulbine alooides	Asphodelaceae	RNA	Class VI	Retroviridae	HIV		Aqueous and Ethanol extract			In vitro anti-HIV activity of five selected South African medicinal plant extracts	Klos M. et. al.	J Ethnopharmacol. 2009 Jul 15;124(2):182-8.	19409474
Angiosperm(Phanerogams)	Leonotis leonurus	Lamiaceae	RNA	Class VI	Retroviridae	HIV	HIV-1	Aqueous and Ethanol extract			In vitro anti-HIV activity of five selected South African medicinal plant extracts	Klos M. et. al.	J Ethnopharmacol. 2009 Jul 15;124(2):182-8	19409474
Angiosperm(Phanerogams)	Achyrocline satureioides	Asteraceae	RNA	Class VI	Retroviridae	HIV				Dicaffeoylquinic acids: 3,5-dicaffeoylquinic acid, 1-methoxyoxalyl-3,5dicaffeoylquinic acid	Inhibitors of HIV-1 replication that inhibit HIV integrase	Robinson WE Jr. et. al.	Proc Natl Acad Sci U S A. 1996 Jun 25;93(13):6326-31	8692814
Angiosperm(Phanerogams)	Arctium lappa	Asteraceae	RNA	Class VI	Retroviridae	HIV				Wedelolactone, Orobol	Mechanism of inhibition of HIV-1 infection in Vitro by purified extract of Prunella vulgaris	Yao XJ. et. al.	Virology. 1992 Mar;187(1):56-62	1371029
Angiosperm(Phanerogams)	Arnebia euchroma	Boraginaceae	RNA	Class VI	Retroviridae	HIV				Monosodium and monopotassium salts of isomeric caffeic acid tetramer	Ethnomedicinal plants and other natural products with anti-HIV active compounds and their putative modes of action	Chinsembu KC. and Hedimbi M.	International Journal for Biotechnology and Molecular Biology Research (IJBMBR) 2010 Vol.1 No.6 pp.74-91	
Angiosperm(Phanerogams)	Humulus lupulus	Cannabaceae	RNA	Class VI	Retroviridae	HIV				Xanthohumol	Xanthohumol, a novel anti-HIV-1 agent purified from Hops Humulus lupulus	Wang Q. et. al.	Antiviral Res. 2004 Dec;64(3):189-94	15550272
Angiosperm(Phanerogams)	Tripterygium hypoglaucum	Celastraceae	RNA	Class VI	Retroviridae	HIV				Triptonine A and Triptonine B	Sesquiterpene Alkaloids from Tripterygium hypoglaucum and Tripterygium wilfordii: A New Class of Potent Anti-HIV Agents	Duan H. et. al.	J Nat Prod. 2000 Mar;63(3):357-61	10757718
Angiosperm(Phanerogams)	Celastrus hindsii	Celastraceae	RNA	Class VI	Retroviridae	HIV				Celasdin B	Antitumour and anti-AIDS triterpenes from Celastrus hindsii	Kuo YH. and Kuo LM.	Phytochemistry. 1997 Apr;44(7):1275-81	9115698
Angiosperm(Phanerogams)	Tripterygium wilfordii	Celastraceae	RNA	Class VI	Retroviridae	HIV				Lactones	Sesquiterpene Alkaloids from Tripterygium hypoglaucum and Tripterygium wilfordii: A New Class of Potent Anti-HIV Agents	Duan H. et. al.	J Nat Prod. 2000 Mar;63(3):357-61	10757718
Angiosperm(Phanerogams)	Callophyllum cordatooblongum	Clusiaceae	RNA	Class VI	Retroviridae	HIV				Cordatolide A and B	Inhibition of Human Immunodeficiency Virus Type 1 Reverse Transcriptase Activity by Cordatolides Isolated from Calophyllum cordato-oblongum	Dharmaratne HR. et. al.	Planta Med. 1998 Jun;64(5):460-1	9690350
Angiosperm(Phanerogams)	Marila laxiflora	Clusiaceae	RNA	Class VI	Retroviridae	HIV				Laxofloranone	Laxifloranone, a New Phloroglucinol Derivative from Marila laxiflora	Bokesch HR. et. al.	J Nat Prod. 1999 Aug;62(8):1197-9	10479340
Angiosperm(Phanerogams)	Symphonia globulifera	Clusiaceae	RNA	Class VI	Retroviridae	HIV				Guttiferone A	The guttiferones, HIV-inhibitory benzophenones from Symphoniaglobulifera, Garcinialivingstonei, Garciniaovalifolia and Clusiarosea	Gustafson Kirk R. et. al.	TetrahedronVolume 48, Issue 46, 1992, Pages 10093-10102	
Angiosperm(Phanerogams)	Hypericum perforatum L.	Clusiaceae	RNA	Class VI	Retroviridae	HIV				Hypericin, 3-hydroxy lauric acid	Hypericum in infection: Identification of anti-viral and anti-inflammatory constituents	Birt DF. et. al.	Pharm Biol. 2009;47(8):774-782	19907671
Angiosperm(Phanerogams)	Combretum molle	Combreataceae	RNA	Class VI	Retroviridae	HIV				Gallotannin	Evaluation of selected South African medicinal plants for inhibitory properties against human immunodeficiency virus type 1 reverse transcriptase and integrase	Bessong PO. Et. al.	J Ethnopharmacol. 2005 May 13;99(1):83-91	15848024
Angiosperm(Phanerogams)	Terminalia chebula	Combreataceae	RNA	Class VI	Retroviridae	HIV				Gallic acid and galloyl glucose	Inhibition of HIV-1 integrase by galloyl glucoses from Terminalia chebula and flavonol glycoside gallates from Euphorbia pekinensis	Ahn MJ. et. al.	Planta Med. 2002 May;68(5):457-9	12058327
Angiosperm(Phanerogams)	Monotes africanus	Dipterocarpaceae	RNA	Class VI	Retroviridae	HIV			Flavonoids		Anti-HIV Prenylated Flavonoids from Monotes africanus	Meragelman KM. et. al.	J Nat Prod. 2001 Apr;64(4):546-8	11325248
Angiosperm(Phanerogams)	Vatica astrotricha	Dipterocarpaceae	RNA	Class VI	Retroviridae	HIV				6,8-diprenylaromadendrin and 6,8-diprenylkaempferol Prostratin, a 12deoxyphorbol	Inhibition of HIV-1 entry by extracts derived from traditional Chinese medicinal herbal plants	Park IW. et. al.	BMC Complement Altern Med. 2009 Aug 5;9:29	19656383
Angiosperm(Phanerogams)	Homalanthus nutan	Euphorbiaceae	RNA	Class VI	Retroviridae	HIV				Prostratin, a 12deoxyphorbol	A Review on: AIDS and Herbal Remedies	Kanta V. and Unnati S.	IJRAP 2011, 2 (6) 1709-1713	
Angiosperm(Phanerogams)	Acacia auriculiformis	Fabaceae	RNA	Class VI	Retroviridae	HIV			Alkaloids	Saponins	Micropropagation of multipurpose medicinal tree Acacia auriculiformis	Girijashankar V.	Journal of Medicinal Plants Research Vol. 5(3), pp. 462-466, 4 February, 201	
Angiosperm(Phanerogams)	Peltophorum africanum Sond	Fabaceae	RNA	Class VI	Retroviridae	HIV				Gallotannin	Evaluation of selected South African medicinal plants for inhibitory properties against human immunodeficiency virus type 1 reverse transcriptase and integrase	Bessong PO. et. al.	J Ethnopharmacol. 2005 May 13;99(1):83-91	15848024
Thallophyta	Ganoderma lucidum	Ganodermataceae	RNA	Class VI	Retroviridae	HIV				Ganoderiol and Ganodermanontriol, Ganoderic acid.	Antiviral Terpenoid Constituents of Ganoderma pfeifferi	Lindequist U. et. al	J. Nat. Prod., 2005, 68 (12), pp 1728–1731	
Angiosperm(Phanerogams)	Swertia franchetiana	Gentianaceae	RNA	Class VI	Retroviridae	HIV			Flavonoids	Xanthohumol	Swertifrancheside, an HIV-Reverse Transcriptase Inhibitor and the First Flavone-Xanthone Dimer, from Swertia franchetiana	Wang JN. et. al.	J Nat Prod. 1994 Feb;57(2):211-7	7513747
Angiosperm(Phanerogams)	Calophyllum teysmannii Miq.	Guttiferae	RNA	Class VI	Retroviridae	HIV				(-)-calanolide B	Medical Ethnobotany of the Teribes of Bocas del Toro, Panama	Gupta MP. et. al.	J Ethnopharmacol. 2005 Jan 15;96(3):389-401	15619557
Thallophyta	Inonotus obliquus	Hymenochaetaceae	RNA	Class VI	Retroviridae	HIV			Water-soluble lignins		Chemical diversity of biologically active metabolites in the sclerotia of Inonotus obliquus and submerged culture strategies for up-regulating their production	Zheng W. et. al.	Appl Microbiol Biotechnol. 2010 Jul;87(4):1237-54	20532760
Angiosperm(Phanerogams)	Garcinia speciosa	Hypericaceae	RNA	Class VI	Retroviridae	HIV				Protostanes, garcisaterpenes A and C	Anti-HIV-1 Protostane Triterpenes and Digeranylbenzophenone from Trunk Bark and Stems of Garcinia speciosa	Rukachaisirikul V. et. al.	Planta Med. 2003 Dec;69(12):1141-6	14750032
Angiosperm(Phanerogams)	Melissa officinalis	Lamiaceae	RNA	Class VI	Retroviridae	HIV				Rosmarinic acid	Aqueous extracts from peppermint, sage and lemon balm leaves display potent anti-HIV-1 activity by increasing the virion density	Geuenich S. et. al.	Retrovirology. 2008 Mar 20;5:27	18355409
Angiosperm(Phanerogams)	Mentha piperita L.	Lamiaceae	RNA	Class VI	Retroviridae	HIV			Sulfonated polysaccharides		Ethnomedicinal plants and other natural products with anti-HIV active compounds and their putative modes of action	Chinsembu KC. and Hedimbi M.	International Journal for Biotechnology and Molecular Biology Research (IJBMBR) 2010 Vol.1 No.6 pp.74-91	
Angiosperm(Phanerogams)	Prunella vulgaris L.	Lamiaceae	RNA	Class VI	Retroviridae	HIV			Sulfonated polysaccharides		Mechanism of inhibition of HIV-1 infection in Vitro by purified extract of Prunella vulgaris	Yao XJ. et. al.	Virology. 1992 Mar;187(1):56-62	1371029
Angiosperm(Phanerogams)	Sideritis akmanii	Lamiaceae	RNA	Class VI	Retroviridae	HIV				Linearol	Sideritis spp.: Uses, chemical composition and pharmacological activities—A review	Gonzalez-Burgoa E. et.al.	J Ethnopharmacol. 2011 May 17;135(2):209-25	21420484
Angiosperm(Phanerogams)	Magnolia grandiflora	Magnoliaceae	RNA	Class VI	Retroviridae	HIV				Neolignas e.g. Magnolol1 and honokiol2	The antiviral activity of Egyptian Magnolia grandiflora on Human Immunodeficiency Virus (HIV)	Shaheen M. and Mostafa S.	Journal of Pharmacology and Clinical Sciences	
Angiosperm(Phanerogams)	Epinetrum villosum Troupin	Menispermaceae	RNA	Class VI	Retroviridae	HIV				Cycleanine, a bisbenzylisoquinoline alkaloid	Biologically active bisbenzylisoquinoline alkaloids from the root bark of Epinetrum villosum	Otshudi AL. et. al.	J Ethnopharmacol. 2005 Oct 31;102(1):89-94	15996841
Angiosperm(Phanerogams)	Stephania cepharantha	Menispermaceae	RNA	Class VI	Retroviridae	HIV				Cepharanthine	Screening of Chinese and Mongolian herbal drugs for anti‐human immunodeficiency virus type 1 (HIV‐1) activity	Ma CM. et. al.	Phytother Res. 2002 Mar;16(2):186-9	11933126
Angiosperm(Phanerogams)	Musa acuminata	Musaceae	RNA	Class VI	Retroviridae	HIV				BanLec, a jacalin-related lectin	A lectin isolated from bananas is a potent inhibitor of HIV replication	Swanson MD. et. al.	J Biol Chem. 2010 Mar 19;285(12):8646-55	20080975
Angiosperm(Phanerogams)	Myrothamnus flabellifolius (Welw.)	Myrothamnaceae	RNA	Class VI	Retroviridae	HIV			Polyphenols	Gallotannins, 3,4,5-tri-O-galloylquinic acids	An Overview of the Biology of the Desiccation-tolerant Resurrection Plant Myrothamnus flabellifolia	Moore JP. et. al.	Ann Bot. 2007 Feb;99(2):211-	17218343
Angiosperm(Phanerogams)	Phyllanthus niruri L.	Phyllanthaceae	RNA	Class VI	Retroviridae	HIV		Aqueous extract		Niruriside	HIV-1 Reverse Transcriptase Inhibitor from Phyllanthus niruri	Oqata T. et. al.	AIDS Res Hum Retroviruses. 1992 Nov;8(11):1937-44	1283310
Thallophyta	Flammulina velutipes	Physalacriaceae	RNA	Class VI	Retroviridae	HIV				Velutin	Isolation and characterization of velutin, a novel low-molecular-weight ribosome-inactivating protein from winter mushroom (Flammulina velutipes) fruiting bodies	Wang H. and Nq TB.	Life Sci. 2001 Mar 23;68(18):2151-8	11324720
Angiosperm(Phanerogams)	Phytolacca Americana L.	Phytolaccaceae	RNA	Class VI	Retroviridae	HIV				Pokeweed antiviral protein (PAP)	Expression of Pokeweed Antiviral Protein in Transgenic Plants Induces Virus Resistance in Grafted Wild-Type Plants Independently of Salicylic Acid Accumulation and Pathogenesis-Related Protein Synthesis	Smirnov S. et. al.	Plant Physiol. 1997 Jul;114(3):1113-112	12223762
Gymnosperms	Pinus parviflora Siebold & Zucc	Pinaceae	RNA	Class VI	Retroviridae	HIV				PC6	Ethnomedicinal plants and other natural products with anti-HIV active compounds and their putative modes of action	Chinsembu KC. and Hedimbi M.	International Journal of Biotechnology and Molecular Biology Research	
Angiosperm(Phanerogams)	Punica granatum L.	Punicaceae	RNA	Class VI	Retroviridae	HIV				PJ-S21	Punica granatum(Pomegranate) juice provides an HIV-1 entry inhibitor and candidate topical microbicide	Neurath AR. et. al.	Ann N Y Acad Sci. 2005 Nov;1056:311-27	16387698
Angiosperm(Phanerogams)	Crataegus pinatifida	Rosaceae	RNA	Class VI	Retroviridae	HIV		Methanol extract		Uvaol acid, ursolic acid	Inhibitory Effect of Triterpenes from Crataegus pinatifida on HIV-I Protease	Min BS. et. al.	Planta Med. 1999 May;65(4):374-5	10364847
Angiosperm(Phanerogams)	Geum japonicum	Rosaceae	RNA	Class VI	Retroviridae	HIV		Methanol extract		Maslinic acid	Anti-HIV Triterpene Acids from Geum japonicum	Xu HX. et. al.	J Nat Prod. 1996 Jul;59(7):643-5.	8759159
Angiosperm(Phanerogams)	Oldenlandia affinis	Rubiaceae	RNA	Class VI	Retroviridae	HIV				Circulins	Biosynthesis and insecticidal properties of plant cyclotides: The cyclic knotted proteins from Oldenlandia affinis	Jennings C. et. al.	Proc Natl Acad Sci U S A. 2001 Sep 11;98(19):10614-9	11535828
Angiosperm(Phanerogams)	Palicourea condensate	Rubiaceae	RNA	Class VI	Retroviridae	HIV				Palicourein	First cyclotide from Hybanthus (Violaceae)	Bokesch AM. et. al.	Phytochemistry	
Angiosperm(Phanerogams)	Citrus spp.	Rutaceae	RNA	Class VI	Retroviridae	HIV				Limonin and nomilin	Effect of limonin and nomilin on HIV-1 replication on infected human mononuclear cells.	Battinelli L. et. al.	Planta Med. 2003 Oct;69(10):910-3	14648393
Angiosperm(Phanerogams)	Clausena excavata	Rutaceae	RNA	Class VI	Retroviridae	HIV				Limonoid	Clausena excavata Burm. f. (Rutaceae): A review of its traditional uses, pharmacological and phytochemical properties	Arbab IA. et.al.	Journal of Medicinal Plant Research	
Angiosperm(Phanerogams)	Toddalia asiatica L.	Rutaceae	RNA	Class VI	Retroviridae	HIV				Nitidine	Studies on the chemical constituents of rutaceous plants. LXVII. The chemical constituents of Toddalia asiatica (L.) Lam. (T. aculeata Pers). Examination of coumarins using supercritical fluid and soxhlet extraction. Is toddalolactone a genuine natural coumarin	Tan S. et. al.	Yakugaku Zasshi. 1991 Jul;111(7):376-8	1783986
Angiosperm(Phanerogams)	Xanthoceras sorbifolia	Sapindaceae	RNA	Class VI	Retroviridae	HIV		Methanol extract		Oleanolic acid	Inhibitory Effects on HIV-1 Protease of Constituents from the Wood of Xanthoceras sorbifolia	Ma C. et. al.	J Nat Prod. 2000 Feb;63(2):238-42	10691716
Angiosperm(Phanerogams)	Schisandra rubriflora	Schisandraceae	RNA	Class VI	Retroviridae	HIV		Acetone extract		rubrisandrin C	Anti-HIV-1 activity of lignans from the fruits of Schisandra rubriflora	Xiao WL. et. al.	Arch Pharm Res. 2010 May;33(5):697-701	20512467
Angiosperm(Phanerogams)	Kadsura lancilimba	Schisandraceae	RNA	Class VI	Retroviridae	HIV			Triterpene lactone, lancilactone		Novel Anti-HIV Lancilactone C and Related Triterpenes from Kadsura lancilimba	Chen DF. et. al.	J Nat Prod. 1999 Jan;62(1):94-7	9917290
Angiosperm(Phanerogams)	Symplocos setchuensis	Symplocaceae	RNA	Class VI	Retroviridae	HIV				Harmine	Anti-AIDS Agents. 46.1 Anti-HIV Activity of Harman, an Anti-HIV Principle from Symplocos setchuensis, and Its Derivatives	Ishida J. et. al.	J Nat Prod. 2001 Jul;64(7):958-60	11473435
Angiosperm(Phanerogams)	Camellia japonica	Theaceae	RNA	Class VI	Retroviridae	HIV				Camellia-tannin H	Inhibitory effects of Korean medicinal plants and camelliatannin H from Camellia japonica on human immunodeficiency virus type 1 protease	Park JC. et. al.	Phytother Res. 2002 Aug;16(5):422-6	12203260
Angiosperm(Phanerogams)	Camellia sinensis	Theaceae	RNA	Class VI	Retroviridae	HIV			Polyphenols	epigallocatechin-3gallate	Green Tea: A Potential Alternative Anti-Infectious Agent Catechins and Viral Infections	Tran J. et. al.	Advances in Anthropology, 3, 198-202	
Angiosperm(Phanerogams)	Curcuma longa	Zingiberaceae	RNA	Class VI	Retroviridae	HIV				Curcumin	Recent advances in the investigation of curcuminoids	Itokawa H. et. al.	Chin Med. 2008 Sep 17;3:11	18798984
Angiosperm(Phanerogams)	Mangifera indica L.	Anacardiaceae	RNA	Class VI	Retroviridae	HIV		Aqueous extract	Polyphenols, terpenes, sterols, carotenoids, vitamins, and amino acids		A Review on Ethnopharmacological Applications, Pharmacological Activities, and Bioactive Compounds of Mangifera indica (Mango)	Ediriweera MK. et. al.	Evid Based Complement Alternat Med. 2017;2017:6949835	29456572
Angiosperm(Phanerogams)	Baissea axillaries Hua	Apocynaceae	RNA	Class VI	Retroviridae	HIV		Aqueous and Ethanol extract			Antimicrobial and toxicological evaluation of the leaves of Baissea axillaries Hua used in the management of HIV/AIDS patients	Abere TA. and Aqoreyo FM.	BMC Complement Altern Med. 2006 Jun 21;6:22	16790064
Angiosperm(Phanerogams)	Artemisia absinthium L.	Asteraceae	RNA	Class VI	Retroviridae	HIV				Cardamonin	An Overview on Cardamonin	Goncalves LM. et. al.	J Med Food. 2014 Jun;17(6):633-40	24433078
Angiosperm(Phanerogams)	Baccharis dracunculifolia	Asteraceae	RNA	Class VI	Retroviridae	HIV			Propolis- phenolics, triterepenoids, isoflavonoids, prenylated benzophenones and a naphthoquinone epoxide		Propolis volatile compounds: chemical diversity and biological activity: a review	Chem Cent. et. al.	Chem Cent J. 2014 May 2;8:28	24812573
Angiosperm(Phanerogams)	Eclipta prostrate L.	Asteraceae	RNA	Class VI	Retroviridae	HIV				5-hydroxymethyl-(2,2':5',2'')-terthienyl tiglate	HIV‐1 protease and HIV‐1 integrase inhibitory substances from Eclipta prostrata	Tewtrakul S. et. al.	Phytother Res. 2007 Nov;21(11):1092-5	17696192
Angiosperm(Phanerogams)	Jatropha curcas L.	Euphorbiaceae	RNA	Class VI	Retroviridae	HIV		Methanol extract			Practical Synthesis of Prostratin, DPP, and Their Analogs, Adjuvant Leads Against Latent HIV	Wender PA. et. al.	Science. 2008 May 2; 320(5876): 649–652.	18451298
Angiosperm(Phanerogams)	Hypericum chinense L.	Guttiferae	RNA	Class VI	Retroviridae	HIV		Methanol extract		biyouyanagin A	Biyouyanagin A, an Anti-HIV Agent from Hypericum chinense L. var. salicifolium	Tanaka N. et. al.	Org Lett. 2005 Jul 7;7(14):2997-9	15987189
Angiosperm(Phanerogams)	Sutherlandia frutescens	Fabaceae	RNA	Class VI	Retroviridae	HIV		Aqueous extract			Impact of traditional medicinal plant extracts on antiretroviral drug absorption	Brown L. et. al.	J Ethnopharmacol. 2008 Oct 28;119(3):588-92	18640255
Angiosperm(Phanerogams)	Hypoxis hemerocallidea	Hypoxidaceae	RNA	Class VI	Retroviridae	HIV		Aqueous extract			Impact of traditional medicinal plant extracts on antiretroviral drug absorption	Brown L. et. al.	J Ethnopharmacol. 2008 Oct 28;119(3):588-92	18640255
Angiosperm(Phanerogams)	Geranium sanguineum	Geraniaceae	RNA	Class V	Orthomyxoviridae	Influenza virus			Polyphenols		A plant polyphenol-rich extract restores the suppressed functions of phagocytes in influenza virus-infected mice	Ivanova E. et. al.	Microbes Infect. 2005 Mar;7(3):391-8	15780977
Angiosperm(Phanerogams)	Aglaia odorata	Meliaceae	DNA	Class I	Herpesviridae	HSV	HSV-1	Aqueous extract			Efficacy of Thai medicinal plant extracts against herpes simplex virus type 1 infection in vitro and in vivo	Lipipun V. et. al.	Antiviral Res. 2003 Nov;60(3):175-80	14638393
Angiosperm(Phanerogams)	Moringa oleifera	Moringaceae	DNA	Class I	Herpesviridae	HSV	HSV-1	Aqueous extract			Efficacy of Thai medicinal plant extracts against herpes simplex virus type 1 infection in vitro and in vivo	Lipipun V. et. al.	Antiviral Res. 2003 Nov;60(3):175-80	14638393
Angiosperm(Phanerogams)	Ventilago denticulata	Rhamnaceae	DNA	Class I	Herpesviridae	HSV	HSV-1	Aqueous extract			Efficacy of Thai medicinal plant extracts against herpes simplex virus type 1 infection in vitro and in vivo	Lipipun V. et. al.	Antiviral Res. 2003 Nov;60(3):175-80	14638393
Angiosperm(Phanerogams)	Lippia junelliana	Verbenaceae	RNA	Class V	Arenaviridae	Junin virus			Aromatic Oils		Virucidal activity of essential oils from aromatic plants of San Luis, Argentina	García CC. et. al.	Phytother Res. 2003 Nov;17(9):1073-5	14595590
Angiosperm(Phanerogams)	Lippia turbinata	Verbenaceae	RNA	Class V	Arenaviridae	Junin virus			Aromatic Oils		Virucidal activity of essential oils from aromatic plants of San Luis, Argentina	García CC. et. al.	Phytother Res. 2003 Nov;17(9):1073-5	14595590
Angiosperm(Phanerogams)	Aloysia gratissima	Verbenaceae	RNA	Class V	Arenaviridae	Junin virus			Aromatic Oils		Virucidal activity of essential oils from aromatic plants of San Luis, Argentina	García CC. et. al.	Phytother Res. 2003 Nov;17(9):1073-5	14595590
Angiosperm(Phanerogams)	Heterotheca latifolia	Asteraceae	RNA	Class V	Arenaviridae	Junin virus			Aromatic Oils		Virucidal activity of essential oils from aromatic plants of San Luis, Argentina	García CC. et. al.	Phytother Res. 2003 Nov;17(9):1073-5	14595590
Angiosperm(Phanerogams)	Tessaria absinthioides	Asteraceae	RNA	Class V	Arenaviridae	Junin virus			Aromatic Oils		Virucidal activity of essential oils from aromatic plants of San Luis, Argentina	García CC. et. al.	Phytother Res. 2003 Nov;17(9):1073-5	14595590
Angiosperm(Phanerogams)	Aloysia gratissima	Verbenaceae	DNA	Class I	Herpesviridae	HSV	HSV-1		Aromatic Oils		Virucidal activity of essential oils from aromatic plants of San Luis, Argentina	García CC. et. al.	Phytother Res. 2003 Nov;17(9):1073-5	14595590
Angiosperm(Phanerogams)	Artemisia douglasiana	Asteraceae	DNA	Class I	Herpesviridae	HSV	HSV-1		Aromatic Oils		Virucidal activity of essential oils from aromatic plants of San Luis, Argentina	García CC. et. al.	Phytother Res. 2003 Nov;17(9):1073-5	14595590
Angiosperm(Phanerogams)	Eupatorium patens	Asteraceae	DNA	Class I	Herpesviridae	HSV	HSV-1		Aromatic Oils		Virucidal activity of essential oils from aromatic plants of San Luis, Argentina	García CC. et. al.	Phytother Res. 2003 Nov;17(9):1073-5	14595590
Angiosperm(Phanerogams)	Tessaria absinthioides	Asteraceae	DNA	Class I	Herpesviridae	HSV	HSV-1		Aromatic Oils		Virucidal activity of essential oils from aromatic plants of San Luis, Argentina	García CC. et. al.	Phytother Res. 2003 Nov;17(9):1073-5	14595590
Angiosperm(Phanerogams)	Dianthus caryophyllus	Caryophyllaceae	DNA	Class I	Herpesviridae	HSV	HSV-1	Crude extract			Antiviral activity and mode of action of Dianthus caryophyllus L. and Lupinus termes L. seed extracts against in vitro herpes simplex and hepatitis A viruses infection	Barakat AB. et. al.	Journal of Microbiology and Antimicrobials Vol. 2(3), pp. 23-29	
Angiosperm(Phanerogams)	Dianthus caryophyllus	Caryophyllaceae	RNA	Class IV	Picornaviridae	HAV	HAV-27	Crude extract			Antiviral activity and mode of action of Dianthus caryophyllus L. and Lupinus termes L. seed extracts against in vitro herpes simplex and hepatitis A viruses infection	Barakat AB. et. al.	Journal of Microbiology and Antimicrobials Vol. 2(3), pp. 23-29	
Angiosperm(Phanerogams)	Lupinus termes	Fabaceae	RNA	Class IV	Picornaviridae	HAV	HAV-27	Crude extract			Antiviral activity and mode of action of Dianthus caryophyllus L. and Lupinus termes L. seed extracts against in vitro herpes simplex and hepatitis A viruses infection	Barakat AB. et. al.	Journal of Microbiology and Antimicrobials Vol. 2(3), pp. 23-29	
Angiosperm(Phanerogams)	Conyza canadensis	Asteraceae	DNA	Class I	Herpesviridae	CMV		Ethyl acetate extract, Chloroform extract, Butanol extract and Methanol extract			Antiviral activity of Conyza canadensis (L.) Cronquist extracts grown in Tunisia	Edziri HL. et. al.	African Journal of Biotechnology Vol. 10(45), pp. 9097-9100, 17	
Angiosperm(Phanerogams)	Conyza canadensis	Asteraceae	RNA	Class IV	Picornaviridae	Cox	Cox-B3	Ethyl acetate extract, Chloroform extract, Butanol extract and Methanol extract			Antiviral activity of Conyza canadensis (L.) Cronquist extracts grown in Tunisia	Edziri HL. et. al.	African Journal of Biotechnology Vol. 10(45), pp. 9097-9100, 17	
Angiosperm(Phanerogams)	Cocos nucifera	Arecaceae	DNA	Class I	Herpesviridae	HSV	HSV-1	Aqueous extract		Catechin, epicatechin, B-type procyanidins	Antimicrobial and antiviral activities of polyphenolics from Cocos nucifera Linn. (Palmae) husk fiber extract	Esquenazi D. et. al.	Res Microbiol. 2002 Dec;153(10):647-52	12558183
Angiosperm(Phanerogams)	Gymnema sylvestre	Asclepiadaceae	DNA	Class I	Herpesviridae	HSV		Methanol extract			Medicinal plants of Tamil Nadu (Southern India) are a rich source of antiviral activities	Vimalanathan S. et. al.	Pharmaceutical Biology, 2009; 47(5): 422–429	
Angiosperm(Phanerogams)	Pergularia daemia	Forsskal	DNA	Class I	Herpesviridae	HSV		Methanol extract			Medicinal plants of Tamil Nadu (Southern India) are a rich source of antiviral activities	Vimalanathan S. et. al.	Pharmaceutical Biology, 2009; 47(5): 422–429	
Angiosperm(Phanerogams)	Chiov.	Asclepiadaceae	DNA	Class I	Herpesviridae	HSV		Methanol extract			Medicinal plants of Tamil Nadu (Southern India) are a rich source of antiviral activities	Vimalanathan S. et. al.	Pharmaceutical Biology, 2009; 47(5): 422–429	
Angiosperm(Phanerogams)	Sphaeranthus indicus L.	Asteraceae	DNA	Class I	Herpesviridae	HSV		Methanol extract			Medicinal plants of Tamil Nadu (Southern India) are a rich source of antiviral activities	Vimalanathan S. et. al.	Pharmaceutical Biology, 2009; 47(5): 422–429	
Angiosperm(Phanerogams)	Cassia alata L.	Caesalpiniaceae	DNA	Class I	Herpesviridae	HSV		Methanol extract			Medicinal plants of Tamil Nadu (Southern India) are a rich source of antiviral activities	Vimalanathan S. et. al.	Pharmaceutical Biology, 2009; 47(5): 422–429	
Angiosperm(Phanerogams)	Evolvulus alsinoides L.	Convolvulaceae	DNA	Class I	Herpesviridae	HSV		Methanol extract			Medicinal plants of Tamil Nadu (Southern India) are a rich source of antiviral activities	Vimalanathan S. et. al.	Pharmaceutical Biology, 2009; 47(5): 422–429	
Angiosperm(Phanerogams)	Clitoria ternatea L.	Fabaceae	DNA	Class I	Herpesviridae	HSV		Methanol extract			Medicinal plants of Tamil Nadu (Southern India) are a rich source of antiviral activities	Vimalanathan S. et. al.	Pharmaceutical Biology, 2009; 47(5): 422–429	
Angiosperm(Phanerogams)	Indigofera tinctoria L.	Euphorbiaceae	DNA	Class I	Herpesviridae	HSV		Methanol extract			Medicinal plants of Tamil Nadu (Southern India) are a rich source of antiviral activities	Vimalanathan S. et. al.	Pharmaceutical Biology, 2009; 47(5): 422–429	
Angiosperm(Phanerogams)	Abutilon indicum	Malvaceae	DNA	Class I	Herpesviridae	HSV		Methanol extract			Medicinal plants of Tamil Nadu (Southern India) are a rich source of antiviral activities	Vimalanathan S. et. al.	Pharmaceutical Biology, 2009; 47(5): 422–429	
Angiosperm(Phanerogams)	Vitex trifolia L.	Verbenaceae	DNA	Class I	Herpesviridae	HSV		Methanol extract			Medicinal plants of Tamil Nadu (Southern India) are a rich source of antiviral activities	Vimalanathan S. et. al.	Pharmaceutical Biology, 2009; 47(5): 422–429	
Angiosperm(Phanerogams)	Nelumbo nucifera	Verbenaceae	DNA	Class I	Herpesviridae	HSV		Methanol extract			Medicinal plants of Tamil Nadu (Southern India) are a rich source of antiviral activities	Vimalanathan S. et. al.	Pharmaceutical Biology, 2009; 47(5): 422–429	
Angiosperm(Phanerogams)	Leucas aspera Spr.	Lamiaceae	DNA	Class I	Herpesviridae	HSV		Methanol extract			Medicinal plants of Tamil Nadu (Southern India) are a rich source of antiviral activities	Vimalanathan S. et. al.	Pharmaceutical Biology, 2009; 47(5): 422–429	
Angiosperm(Phanerogams)	Cicer arietinum L.	Fabaceae	DNA	Class I	Herpesviridae	HSV	HSV-1		Phenolic compounds		In vitro antiviral activities under cytotoxic doses against herpes simples type-1 and parainfluensa-3 viruses of Cicer arietinum L. (Chickpea)	Kanet A. et. al.	African Journal of Pharmacy and Pharmacology Vol. 3(12). pp. 627-631	
Angiosperm(Phanerogams)	Cicer arietinum L.	Fabaceae	RNA	Class V	Paramyxoviridae	Parainfluenza virus	Parainfluenza virus-3		Phenolic compounds		In vitro antiviral activities under cytotoxic doses against herpes simples type-1 and parainfluensa-3 viruses of Cicer arietinum L. (Chickpea)	Kanet A. et. al.	African Journal of Pharmacy and Pharmacology Vol. 3(12). pp. 627-631	
Angiosperm(Phanerogams)	Cedrela tubiflora	Meliaceae	DNA	Class I	Herpesviridae	HSV	HSV-2		Acidic Polysaccharides		Antiviral activity of an acidic polysaccharides fraction extracted from Cedrela tubiflora leaves	Craig MI. et. al.	Fitoterapia. 2001 Feb;72(2):113-9	11223219
Angiosperm(Phanerogams)	Cedrela tubiflora	Meliaceae	RNA	Class V	Rhabdoviridae	VSV (Vesicular Stomatitis Virus)			Acidic Polysaccharides		Antiviral activity of an acidic polysaccharides fraction extracted from Cedrela tubiflora leaves	Craig MI. et. al.	Fitoterapia. 2001 Feb;72(2):113-9	11223219
Angiosperm(Phanerogams)	Rheum officinale	Polygonaceae	DNA	Class I	Herpesviridae	HSV	HSV-1	Hot Glycerin extract	Anthraquinones		Inactivation of enveloped viruses by anthraquinones extracted from plants	Sydiskia RJ. et. al.	Antimicrob Agents Chemother. 1991 Dec;35(12):2463-6	1810179
Angiosperm(Phanerogams)	Aloe barbadensis	Asphodelaceae	DNA	Class I	Herpesviridae	HSV	HSV-1	Hot Glycerin extract	Anthraquinones		Inactivation of enveloped viruses by anthraquinones extracted from plants	Sydiskia RJ. et. al.	Antimicrob Agents Chemother. 1991 Dec;35(12):2463-6	1810179
Angiosperm(Phanerogams)	Rhamnus frangula	Rhamnaceae	DNA	Class I	Herpesviridae	HSV	HSV-1	Hot Glycerin extract	Anthraquinones		Inactivation of enveloped viruses by anthraquinones extracted from plants	Sydiskia RJ. et. al.	Antimicrob Agents Chemother. 1991 Dec;35(12):2463-6	1810179
Angiosperm(Phanerogams)	Rhamnus purshianus	Rhamnaceae	DNA	Class I	Herpesviridae	HSV	HSV-1	Hot Glycerin extract	Anthraquinones		Inactivation of enveloped viruses by anthraquinones extracted from plants	Sydiskia RJ. et. al.	Antimicrob Agents Chemother. 1991 Dec;35(12):2463-6	1810179
Angiosperm(Phanerogams)	Cassia angustifolia	Fabaceae	DNA	Class I	Herpesviridae	HSV	HSV-1	Hot Glycerin extract	Anthraquinones		Inactivation of enveloped viruses by anthraquinones extracted from plants	Sydiskia RJ. et. al.	Antimicrob Agents Chemother. 1991 Dec;35(12):2463-6	1810179
Angiosperm(Phanerogams)	Canavalia ensiformis	Fabaceae	DNA	Class I	Herpesviridae	HSV	HSV-1		Lectins		Inhibition of herpes simplex, rabies and rubella viruses by lectins with different specificities	Marchetti M. et. al.	Res Virol. 1995 May-Jun;146(3):211-5	7481093
Angiosperm(Phanerogams)	Triticum aestivum	Poaceae	DNA	Class I	Herpesviridae	HSV	HSV-1		Lectins		Inhibition of herpes simplex, rabies and rubella viruses by lectins with different specificities	Marchetti M. et. al.	Res Virol. 1995 May-Jun;146(3):211-5	7481093
Angiosperm(Phanerogams)	Narcissus pseudonarcissus	Amaryllidaceae	DNA	Class V	Rhabdoviridae	RABV			Lectins		Inhibition of herpes simplex, rabies and rubella viruses by lectins with different specificities	Marchetti M. et. al.	Res Virol. 1995 May-Jun;146(3):211-5	7481093
Angiosperm(Phanerogams)	Narcissus pseudonarcissus	Amaryllidaceae	RNA	Class IV	Matonaviridae	RuV			Lectins		Inhibition of herpes simplex, rabies and rubella viruses by lectins with different specificities	Marchetti M. et. al.	Res Virol. 1995 May-Jun;146(3):211-5	7481093
Angiosperm(Phanerogams)	Canavalia ensiformis	Fabaceae	RNA	Class IV	Matonaviridae	RuV			Lectins		Inhibition of herpes simplex, rabies and rubella viruses by lectins with different specificities	Marchetti M. et. al.	Res Virol. 1995 May-Jun;146(3):211-5	7481093
Angiosperm(Phanerogams)	Triticum aestivum	Poaceae	RNA	Class IV	Matonaviridae	RuV			Lectins		Inhibition of herpes simplex, rabies and rubella viruses by lectins with different specificities	Marchetti M. et. al.	Res Virol. 1995 May-Jun;146(3):211-5	7481093
Angiosperm(Phanerogams)	Andrographis paniculata	Acanthaceae	DNA	Class I	Herpesviridae	HSV	HSV-1			Dipterpenes Andrographolide, Neoandrographolide and 14- deoxy11,12-didehydroandrographolide	Antiviral properties of ent-labdene diterpenes of Andrographis paniculata nees, inhibitors of herpes simplex virus type 1	Wirat C. et. al.	Phytother Res. 2005 Dec;19(12):1069-70	16372376
Angiosperm(Phanerogams)	Anagallis arvensis	Primulaceae	DNA	Class I	Herpesviridae	HSV	HSV-1		Triterpene saponin		In vitro antiviral activity of a saponin from Anagallis arvensis, Primulaceae, against herpes simplex virus and poliovirus	Amoros M. et. al.	Antiviral Res. 1987 Aug;8(1):13-25	2825589
Angiosperm(Phanerogams)	Anagallis arvensis	Primulaceae	RNA	Class IV	Picornaviridae	Poliovirus	Poliovirus-2		Triterpene saponin		In vitro antiviral activity of a saponin from Anagallis arvensis, Primulaceae, against herpes simplex virus and poliovirus	Amoros M. et. al.	Antiviral Res. 1987 Aug;8(1):13-25	2825589
Angiosperm(Phanerogams)	Echinacea purpurea	Asteraceae	DNA	Class I	Herpesviridae	HSV	HSV-1	n-Hexane extract	Alkenes, Amides	Alkenes, Amides	Antiviral activity of characterized extracts from echinacea spp. (Heliantheae: Asteraceae) against herpes simplex virus (HSV-I)	Binns SE. et. al.	Planta Med. 2002 Sep;68(9):780-3	12357386
Angiosperm(Phanerogams)	Echinacea purpurea	Asteraceae	DNA	Class I	Herpesviridae	HSV	HSV-1	Ethyl acetate and Ethanol extract	Polysaccharides, Cichoric acid		Echinacea purpurea. Aerial Parts Contain Multiple Antiviral Compounds	Vimalanathan S. et. al.	Pharmaceutical Biology 2005, Vol. 43, No. 9, pp. 740–745	
Angiosperm(Phanerogams)	Geum japonicum	Rosaceae	DNA	Class I	Herpesviridae	HSV		Hot-water extract			Purification and Characterization of Eugeniin as an Anti-herpesvirus Compound from Geum japonicum andSyzygium aromaticum	Kurokawa M. et. al.	J Pharmacol Exp Ther. 1998 Feb;284(2):728-35	9454821
Angiosperm(Phanerogams)	Syzygium aromaticum	Myrtaceae	DNA	Class I	Herpesviridae	HSV		Hot-water extract			Purification and Characterization of Eugeniin as an Anti-herpesvirus Compound from Geum japonicum andSyzygium aromaticum	Kurokawa M. et. al.	J Pharmacol Exp Ther. 1998 Feb;284(2):728-35	9454821
Angiosperm(Phanerogams)	Terminalia chebula	Combretaceae	DNA	Class I	Herpesviridae	CMV					Prophylactic treatment of cytomegalovirus infection with traditional herbs	Yukawa TA. et. al.	Antiviral Res. 1996 Oct;32(2):63-70	8891165
Angiosperm(Phanerogams)	Rhus javanica	Anacardiaceae	DNA	Class I	Herpesviridae	CMV					Prophylactic treatment of cytomegalovirus infection with traditional herbs	Yukawa TA. et. al.	Antiviral Res. 1996 Oct;32(2):63-70	8891165
Angiosperm(Phanerogams)	Geum japonicum	Rosaceae	DNA	Class I	Herpesviridae	CMV					Prophylactic treatment of cytomegalovirus infection with traditional herbs	Yukawa TA. et. al.	Antiviral Res. 1996 Oct;32(2):63-70	8891165
Angiosperm(Phanerogams)	Syzygium aromaticum	Myrtaceae	DNA	Class I	Herpesviridae	CMV					Prophylactic treatment of cytomegalovirus infection with traditional herbs	Yukawa TA. et. al.	Antiviral Res. 1996 Oct;32(2):63-70	8891165
Angiosperm(Phanerogams)	Glyptopetalum sclerocarpum	Celastraceae	DNA	Class I	Herpesviridae	HSV	HSV-1			Sclerocarpic acid- sesquiterpene	A new antiviral and antimicrobial sesquiterpene from Glyptopetalum sclerocarpum	Sotanaphun U. et. al.	Planta Med. 1999 Apr;65(3):257-8	10232073
Angiosperm(Phanerogams)	Hamamelis virginiana	Hamamelidaceae	DNA	Class I	Herpesviridae	HSV	HSV-1	Crude hydroalcoholic extract		oligomeric to polymeric proanthocyanidins	Antiviral and antiphlogistic activities of Hamamelis virginiana bark	Erdelmeier CA. et. al.	Planta Med. 1996 Jun;62(3):241-5	8693037
Angiosperm(Phanerogams)	Hancornia speciosa	Apocynaceae	DNA	Class I	Herpesviridae	HSV	HSV-1	Ethanol extract			Standardized extract and fraction from hancornia speciosa leaves and pharmaceutical composition thereof	Brando. et. al.	U.S. Patent Application No. 12/993,723.	
Angiosperm(Phanerogams)	Helichrysum aureonitens	Asteraceae	DNA	Class I	Herpesviridae	HSV	HSV-1			Galangin	Antiviral activity of galangin isolated from the aerial parts of Helichrysum aureonitens	Meyer JJ. et. al.	J Ethnopharmacol. 1997 Apr;56(2):165-9	9174978
Angiosperm(Phanerogams)	Helichrysum aureonitens	Asteraceae	RNA	Class IV	Picornaviridae	Cox	Cox-B1			Galangin	Antiviral activity of galangin isolated from the aerial parts of Helichrysum aureonitens	Meyer JJ. et. al.	J Ethnopharmacol. 1997 Apr;56(2):165-9	9174978
Angiosperm(Phanerogams)	Himatanthus phagedaenica	Apocynaceae	DNA	Class I	Herpesviridae	HSV	HSV-1	Ethanol extract			Antiviral Activity of Plants Occurring in the State of Minas Gerais (Brazil): Part III	Brando GC. et. al.	J. Chem. Pharm. Res., 2011, 3(4):223-236	
Angiosperm(Phanerogams)	Annona coriacea	Annonaceae	DNA	Class I	Herpesviridae	HSV	HSV-1	Ethanol extract			Antiviral Activity of Plants Occurring in the State of Minas Gerais (Brazil): Part III	Brando GC. et. al.	J. Chem. Pharm. Res., 2011, 3(4):223-236	
Angiosperm(Phanerogams)	Annona coriacea	Annonaceae	DNA	Class I	Poxviridae	VACV		Ethanol extract			Antiviral Activity of Plants Occurring in the State of Minas Gerais (Brazil): Part III	Brando GC. et. al.	J. Chem. Pharm. Res., 2011, 3(4):223-236	
Angiosperm(Phanerogams)	Annona coriacea	Annonaceae	RNA	Class IV	Picornaviridae	EMCV		Ethanol extract			Antiviral Activity of Plants Occurring in the State of Minas Gerais (Brazil): Part III	Brando GC. et. al.	J. Chem. Pharm. Res., 2011, 3(4):223-236	
Angiosperm(Phanerogams)	Ouratea castaneafolia	Ochnaceae	DNA	Class I	Herpesviridae	HSV	HSV-1	Ethanol extract			Antiviral Activity of Plants Occurring in the State of Minas Gerais (Brazil): Part III	Brando GC. et. al.	J. Chem. Pharm. Res., 2011, 3(4):223-236	
Angiosperm(Phanerogams)	Ouratea castaneafolia	Ochnaceae	DNA	Class I	Poxviridae	VACV		Ethanol extract			Antiviral Activity of Plants Occurring in the State of Minas Gerais (Brazil): Part III	Brando GC. et. al.	J. Chem. Pharm. Res., 2011, 3(4):223-236	
Angiosperm(Phanerogams)	Ouratea castaneafolia	Ochnaceae	RNA	Class IV	Picornaviridae	EMCV		Ethanol extract			Antiviral Activity of Plants Occurring in the State of Minas Gerais (Brazil): Part III	Brando GC. et. al.	J. Chem. Pharm. Res., 2011, 3(4):223-236	
Angiosperm(Phanerogams)	Hancornia speciosa	Apocynaceae	DNA	Class I	Poxviridae	VACV		Ethanol extract			Antiviral Activity of Plants Occurring in the State of Minas Gerais (Brazil): Part III	Brando GC. et. al.	J. Chem. Pharm. Res., 2011, 3(4):223-236	
Angiosperm(Phanerogams)	Hancornia speciosa	Apocynaceae	RNA	Class IV	Picornaviridae	EMCV		Ethanol extract			Antiviral Activity of Plants Occurring in the State of Minas Gerais (Brazil): Part III	Brando GC. et. al.	J. Chem. Pharm. Res., 2011, 3(4):223-236	
Angiosperm(Phanerogams)	Ouratea semisrrata	Ochnaceae	DNA	Class I	Herpesviridae	HSV	HSV-1	Ethanol extract			Antiviral Activity of Plants Occurring in the State of Minas Gerais (Brazil): Part III	Brando GC. et. al.	J. Chem. Pharm. Res., 2011, 3(4):223-236	
Angiosperm(Phanerogams)	Ouratea semisrrata	Ochnaceae	RNA	Class IV	Picornaviridae	EMCV		Ethanol extract			Antiviral Activity of Plants Occurring in the State of Minas Gerais (Brazil): Part III	Brando GC. et. al.	J. Chem. Pharm. Res., 2011, 3(4):223-236	
Angiosperm(Phanerogams)	Ouratea semisrrata	Ochnaceae	DNA	Class I	Poxviridae	VACV		Ethanol extract			Antiviral Activity of Plants Occurring in the State of Minas Gerais (Brazil): Part III	Brando GC. et. al.	J. Chem. Pharm. Res., 2011, 3(4):223-236	
Angiosperm(Phanerogams)	Polygonum spectabile	Polygonaceae	DNA	Class I	Herpesviridae	HSV	HSV-1	Ethanol extract			Antiviral Activity of Plants Occurring in the State of Minas Gerais (Brazil): Part III	Brando GC. et. al.	J. Chem. Pharm. Res., 2011, 3(4):223-236	
Angiosperm(Phanerogams)	Hyssopus officinalis	Lamiaceae	DNA	Class I	Herpesviridae	HSV		Methanol extract			Anti-viral activity of the methanolic leaf extract of an Iranian medicinal plant “Hyssopus officinalis” against herpes simplex virus	Behbahani M. et. al.	Journal of Medicinal Plants Research Vol. 3(12), pp. 1118-1125	
Angiosperm(Phanerogams)	Ocimum sanctum	Lamiaceae	DNA	Class I	Herpesviridae	HSV		Dichloromethane and Methanol extract			Anti-herpes simplex virus activity of extracts from the culinary herbs Ocimum sanctum L., Ocimum basilicum L. and Ocimum americanum L	Yncharoen R. et. al.	African Journal of Biotechnology Vol. 10(5), pp. 860-866, 31	
Angiosperm(Phanerogams)	Ocimum basilicum	Lamiaceae	DNA	Class I	Herpesviridae	HSV		Dichloromethane and Methanol extract			Anti-herpes simplex virus activity of extracts from the culinary herbs Ocimum sanctum L., Ocimum basilicum L. and Ocimum americanum L	Yncharoen R. et. al.	African Journal of Biotechnology Vol. 10(5), pp. 860-866, 31	
Angiosperm(Phanerogams)	Ocimum americanum	Lamiaceae	DNA	Class I	Herpesviridae	HSV		Dichloromethane and Methanol extract			Anti-herpes simplex virus activity of extracts from the culinary herbs Ocimum sanctum L., Ocimum basilicum L. and Ocimum americanum L	Yncharoen R. et. al.	African Journal of Biotechnology Vol. 10(5), pp. 860-866, 31	
Angiosperm(Phanerogams)	Ouratea spectabilis	Ochnaceae	DNA	Class I	Herpesviridae	HSV	HSV-1	Ethanol extract			Antiviral Activity of Plants Occurring in the State of Minas Gerais (Brazil): Part III	Brando GC. et. al.	J. Chem. Pharm. Res., 2011, 3(4):223-236	
Angiosperm(Phanerogams)	Pandanus amaryllifolius	Pandanaceae	DNA	Class I	Herpesviridae	HSV	HSV-1			Lectin (Pandanin)	Purification and characterization of a new antiviral protein from the leaves of Pandanus amaryllifolius (Pandanaceae)	ooi LS. et. al.	Int J Biochem Cell Biol. 2004 Aug;36(8):1440-6	15147723
Angiosperm(Phanerogams)	Pandanus amaryllifolius	Pandanaceae	RNA	Class V	Orthomyxoviridae	Influenza virus	H1N1			Lectin (Pandanin)	Purification and characterization of a new antiviral protein from the leaves of Pandanus amaryllifolius (Pandanaceae)	ooi LS. et. al.	Int J Biochem Cell Biol. 2004 Aug;36(8):1440-6	15147723
Angiosperm(Phanerogams)	Phyllanthus orbicularis	Euphorbiaceae	DNA	Class I	Herpesviridae	HSV	HSV-1	Aqueous extract			Evaluation of the antiviral activity of an aqueous extract from Phyllanthus orbicularis	del Barrio G. and Parra F.	J Ethnopharmacol. 2000 Sep;72(1-2):317-22/ Phytother Res. 2003 Sep;17(8):980-2	10967489
Angiosperm(Phanerogams)	Phyllanthus orbicularis	Euphorbiaceae	DNA	Class I	Herpesviridae	HSV	HSV-2	Aqueous extract			Evaluation of the antiviral activity of an aqueous extract from Phyllanthus orbicularis	del Barrio G. and Parra F.	J Ethnopharmacol. 2000 Sep;72(1-2):317-22	10967489
Angiosperm(Phanerogams)	Podophyllum peltatum	Berberidaceae	DNA	Class I	Herpesviridae	HSV	HSV-2	Aqueous extract		Podophyllotoxin	An investigation of the antiviral activity of Podophyllum peltatum	Bedows E. and Hatfield GM.	J Nat Prod. 1982 Nov-Dec;45(6):725-9	6298369
Angiosperm(Phanerogams)	Podophyllum peltatum	Berberidaceae	DNA	Class I	Poxviridae	VACV		Aqueous extract		Podophyllotoxin	An investigation of the antiviral activity of Podophyllum peltatum	Bedows E. and Hatfield GM.	J Nat Prod. 1982 Nov-Dec;45(6):725-9	6298369
Angiosperm(Phanerogams)	Podophyllum peltatum	Berberidaceae	DNA	Class I	Herpesviridae	HSV		Aqueous extract		Podophyllotoxin	An investigation of the antiviral activity of Podophyllum peltatum	Bedows E. and Hatfield GM.	J Nat Prod. 1982 Nov-Dec;45(6):725-9	6298369
Angiosperm(Phanerogams)	Phyllanthus urinaria	Euphorbiaceae	DNA	Class I	Herpesviridae	HSV	HSV-1	Acetone extract		Excoecarianin	Excoecarianin, Isolated from Phyllanthus urinaria Linnea, Inhibits Herpes Simplex Virus Type 2 Infection through Inactivation of Viral Particles	Cheng HY. et. al.	Evid Based Complement Alternat Med. 2011;2011:259103	19808846
Angiosperm(Phanerogams)	Phyllanthus urinaria	Euphorbiaceae	DNA	Class I	Herpesviridae	HSV	HSV-2	Acetone extract		Excoecarianin	Excoecarianin, Isolated from Phyllanthus urinaria Linnea, Inhibits Herpes Simplex Virus Type 2 Infection through Inactivation of Viral Particles	Cheng HY. et. al.	Evid Based Complement Alternat Med. 2011;2011:259103	19808846
Angiosperm(Phanerogams)	Phyllanthus urinaria	Euphorbiaceae	DNA	Class I	Herpesviridae	HSV	HSV-2	Acetone extract		Hippomanin A	Hippomanin A from acetone extract of Phyllanthus urinaria inhibited HSV-2 but not HSV-1 infection in vitro	Yang CM. et. al.	Phytother Res. 2007 Dec;21(12):1182-6	17661333
Angiosperm(Phanerogams)	Acanthospermum australe	Asteraceae	DNA	Class I	Herpesviridae	HSV		Hydroethanol extract			In vitro antiviral activity from Acanthospermum australe on herpesvirus and poliovirus	Rocha Martins LR. et. al.	Pharm Biol. 2011 Jan;49(1):26-31	20819023
Angiosperm(Phanerogams)	Acanthospermum australe	Asteraceae	RNA	Class IV	Picornaviridae	Poliovirus		Hydroethanol extract			In vitro antiviral activity from Acanthospermum australe on herpesvirus and poliovirus	Rocha Martins LR. et. al.	Pharm Biol. 2011 Jan;49(1):26-31	20819023
Angiosperm(Phanerogams)	Vaccinium macrocarpon	Ericaceae	DNA	Class I	Herpesviridae	HSV	HSV-1			Oximacro(®)	Inhibition of herpes simplex type 1 and type 2 infections by Oximacro(®), a cranberry extract with a high content of A-type proanthocyanidins (PACs-A)	Terlizzi ME. et. al.	Antiviral Res. 2016 Aug;132:154-64	27321663
Angiosperm(Phanerogams)	Vaccinium macrocarpon	Ericaceae	DNA	Class I	Herpesviridae	HSV	HSV-2			Oximacro(®)	Inhibition of herpes simplex type 1 and type 2 infections by Oximacro(®), a cranberry extract with a high content of A-type proanthocyanidins (PACs-A)	Terlizzi ME. et. al.	Antiviral Res. 2016 Aug;132:154-64	27321663
Angiosperm(Phanerogams)	Vaccinium macrocarpon	Ericaceae	RNA	Class V	Orthomyxoviridae	Influenza virus				Oximacro(®)	The Cranberry Extract Oximacro® Exerts in vitro Virucidal Activity Against Influenza Virus by Interfering With Hemagglutinin	Luganini A. et. al.	Front Microbiol. 2018 Aug 7;9:1826	30131793
Angiosperm(Phanerogams)	Prunus dulcis	Rosaceae	DNA	Class I	Herpesviridae	HSV	HSV-1			Quercetin, Epicatechin, Catechin	Almond Skin Extracts Abrogate HSV-1 Replication by Blocking Virus Binding to the Cell	Bisignano C. et. al.	Viruses. 2017 Jul 10;9(7)	28698509
Angiosperm(Phanerogams)	Coptidis Rhizoma	Ranunculaceae			Pneumoviridae	RSV					Coptidis Rhizoma extract inhibits replication of respiratory syncytial virus in vitro and in vivo by inducing antiviral state	Lee BH. et. al.	J Microbiol. 2017 Jun;55(6):488-498	28551874
Angiosperm(Phanerogams)	Phellodendron amurense	Rutaceae	RNA	Class V	Orthomyxoviridae	Influenza virus	Influenza virus-A	Aqueous extract		Berberine	Inhibitory effects of an aqueous extract from Cortex Phellodendri on the growth and replication of broad-spectrum of viruses in vitro and in vivo	Kim JH. et. al.	BMC Complement Altern Med. 2016 Aug 2;16:265	27484768
Angiosperm(Phanerogams)	Phellodendron amurense	Rutaceae	RNA	Class V	Rhabdoviridae	VSV (Vesicular Stomatitis Virus)		Aqueous extract		Berberine	Inhibitory effects of an aqueous extract from Cortex Phellodendri on the growth and replication of broad-spectrum of viruses in vitro and in vivo	Kim JH. et. al.	BMC Complement Altern Med. 2016 Aug 2;16:265	27484768
Angiosperm(Phanerogams)	Phellodendron amurense	Rutaceae	RNA	Class V	Paramyxoviridae	NDV		Aqueous extract		Berberine	Inhibitory effects of an aqueous extract from Cortex Phellodendri on the growth and replication of broad-spectrum of viruses in vitro and in vivo	Kim JH. et. al.	BMC Complement Altern Med. 2016 Aug 2;16:265	27484768
Angiosperm(Phanerogams)	Phellodendron amurense	Rutaceae	DNA	Class I	Herpesviridae	HSV		Aqueous extract		Berberine	Inhibitory effects of an aqueous extract from Cortex Phellodendri on the growth and replication of broad-spectrum of viruses in vitro and in vivo	Kim JH. et. al.	BMC Complement Altern Med. 2016 Aug 2;16:265	27484768
Angiosperm(Phanerogams)	Phellodendron amurense	Rutaceae	RNA	Class IV	Picornaviridae	Cox		Aqueous extract		Berberine	Inhibitory effects of an aqueous extract from Cortex Phellodendri on the growth and replication of broad-spectrum of viruses in vitro and in vivo	Kim JH. et. al.	BMC Complement Altern Med. 2016 Aug 2;16:265	27484768
Angiosperm(Phanerogams)	Phellodendron amurense	Rutaceae	RNA	Class IV	Picornaviridae	EV	EV-71	Aqueous extract		Berberine	Inhibitory effects of an aqueous extract from Cortex Phellodendri on the growth and replication of broad-spectrum of viruses in vitro and in vivo	Kim JH. et. al.	BMC Complement Altern Med. 2016 Aug 2;16:265	27484768
Angiosperm(Phanerogams)	Glycosmis stenocarpa	Rutaceae	RNA	Class IV	Virgaviridae	PMMoV				Murrayafoline-A, Isomahanine	Inhibitory Components from Glycosmis stenocarpa on Pepper Mild Mottle Virus	Kim JH. et. al.	J Microbiol Biotechnol. 2016 Dec 28;26(12):2138-2140	27586528
Angiosperm(Phanerogams)	Solanum tuberosum	Solanaceae	RNA	Class IV	Picornaviridae	Human Enteric Virus		Ethanol extract and Aqueous extract		Chlorogenic, caffeic acids	Phenolic Compounds of Potato Peel Extracts: Their Antioxidant Activity and Protection against Human Enteric Viruses	Silva-BeltrÁn NP. et. al.	J Microbiol Biotechnol. 2017 Feb 28;27(2):234-241	27794587
Angiosperm(Phanerogams)	Jatropha multifida Linn.	Euphorbiaceae	RNA	Class V	Orthomyxoviridae	Influenza virus	H1N1	Crude aqueous extract and Chloroform extract			Anti-influenza virus activity of extracts from the stems of Jatropha multifida Linn. collected in Myanmar	Shoji M. et. al.	BMC Complement Altern Med. 2017 Feb 7;17(1):96	28173854
Angiosperm(Phanerogams)	Chilocarpus costatus	Apocynaceae	RNA	Class V	Orthomyxoviridae	Influenza virus		Chloroform extract		Pinoresinol	Anti-infective activities of 11 plants species used in traditional medicine in Malaysia	Nor Azman NS. et. al.	Exp Parasitol. 2018 Nov;194:67-78	30268422
Angiosperm(Phanerogams)	Chilocarpus costatus	Apocynaceae	RNA	Class IV	Picornaviridae	Cox	Cox-B3	Chloroform extract		Pinoresinol	Anti-infective activities of 11 plants species used in traditional medicine in Malaysia	Nor Azman NS. et. al.	Exp Parasitol. 2018 Nov;194:67-78	30268422
Angiosperm(Phanerogams)	Chilocarpus aeruginosa	Apocynaceae	RNA	Class V	Orthomyxoviridae	Influenza virus		Chloroform extract		Furanodienone	Anti-infective activities of 11 plants species used in traditional medicine in Malaysia	Nor Azman NS. et. al.	Exp Parasitol. 2018 Nov;194:67-78	30268422
Angiosperm(Phanerogams)	Chilocarpus aeruginosa	Apocynaceae	RNA	Class IV	Picornaviridae	Cox	Cox-B3	Chloroform extract		Furanodienone	Anti-infective activities of 11 plants species used in traditional medicine in Malaysia	Nor Azman NS. et. al.	Exp Parasitol. 2018 Nov;194:67-78	30268422
Angiosperm(Phanerogams)	Punica granatum	Punicaceae	DNA	Class I	Herpesviridae	HSV	HSV-2			Tannin	Antiviral activity of tannin from the pericarp of Punica granatum L. against genital Herpes virus in vitro	Zhang J. et. al.	Zhongguo Zhong Yao Za Zhi. 1995 Sep;20(9):556-8, 576	8679095
Angiosperm(Phanerogams)	Quillaja saponaria	Quillajaceae	DNA	Class I	Herpesviridae	HSV	HSV-1	Aqueous extract	Triterpenoids		Improving immunogenicity and efficacy of vaccines for genital herpes containing herpes simplex virus glycoprotein D	Awasthi S. et. al.	Expert Rev Vaccines. 2014 Dec;13(12):1475-88	25138572
Thallophyta	Bostrychia montagnei	Rhodomelaceae	DNA	Class I	Herpesviridae	HSV	HSV-1	Crude extract		Sulfated polysaccharides- Herein	Inhibitory effect of sulfated galactans from the marine alga Bostrychia montagnei on herpes simplex virus replication in vitro	Duarte ME. et. al.	Phytomedicine. 2001 Jan;8(1):53-8	11292240
Thallophyta	Bostrychia montagnei	Rhodomelaceae	DNA	Class I	Herpesviridae	HSV	HSV-2	Crude extract		Sulfated polysaccharides- Herein	Inhibitory effect of sulfated galactans from the marine alga Bostrychia montagnei on herpes simplex virus replication in vitro	Duarte ME. et. al.	Phytomedicine. 2001 Jan;8(1):53-8	11292240
Angiosperm(Phanerogams)	Rhinacanthus nasutus	Acanthaceae	DNA	Class I	Herpesviridae	CMV				Naphthoquinones- rhinacanthin-C, rhinacanthin-D	Two new naphthoquinones with antiviral activity from Rhinacanthus nasutus	Sendl A. et. al.	J Nat Prod. 1996 Aug;59(8):808-11	8792629
Angiosperm(Phanerogams)	Rhinacanthus nasutus	Acanthaceae	DNA	Class I	Herpesviridae	HSV				Naphthoquinones- rhinacanthin-C, rhinacanthin-D	Two new naphthoquinones with antiviral activity from Rhinacanthus nasutus	Sendl A. et. al.	J Nat Prod. 1996 Aug;59(8):808-11	8792629
Angiosperm(Phanerogams)	Rhus aromatica	Anacardiaceae	DNA	Class I	Herpesviridae	HSV	HSV-1	Aqueous extract			Antiviral activity of Rhus aromatica (fragrant sumac) extract against two types of herpes simplex viruses in cell culture	Reichling J. et. al.	Pharmazie. 2009 Aug;64(8):538-41	19746844
Angiosperm(Phanerogams)	Rhus aromatica	Anacardiaceae	DNA	Class I	Herpesviridae	HSV	HSV-2	Aqueous extract			Antiviral activity of Rhus aromatica (fragrant sumac) extract against two types of herpes simplex viruses in cell culture	Reichling J. et. al.	Pharmazie. 2009 Aug;64(8):538-41	19746844
Angiosperm(Phanerogams)	Rhus javanica	Simaroubaceae	DNA	Class I	Herpesviridae	HSV	HSV-1			Moronic acid	Anti-herpes simplex virus activity of moronic acid purified from Rhus javanica in vitro and in vivo	Kurokawa M. et. al.	J Pharmacol Exp Ther. 1999 Apr;289(1):72-8	10086989
Angiosperm(Phanerogams)	Hypericum perforatum	Hypericaceae	RNA		Arteriviridae	PRRSV (Porcine Reproductive and Respiratory Syndrome Virus)		Hypericum perforatum Extract			Influence of Hypericum perforatum Extract on Piglet Infected with Porcine Respiratory and Reproductive Syndrome Virus	Xiu-ying PU. et. al.	Agricultural Sciences in ChinaVolume 8, Issue 6, June 2009:730-739	
Angiosperm(Phanerogams)	Sambucus nigra	Adoxaceae	RNA	Class V	Orthomyxoviridae	Influenza virus					Inhibition of several strains of influenza virus in vitro and reduction of symptoms by an elderberry extract (Sambucus nigra L.) during an outbreak of influenza B Panama	Zakay-Rones Z. et. al.	J Altern Complement Med. 1995 Winter;1(4):361-9	9395631
Angiosperm(Phanerogams)	Vitis vinifera	Vitaceae	DNA	Class I	Herpesviridae	HSV	HSV-2			Resveratrol (3,5,4′-trihydroxystilbene)	Effect of resveratrol on herpes simplex virus vaginal infection in the mouse	Docherty JJ. et. al.	Antiviral Res. 2005 Sep;67(3):155-62	16125258
Fungus	Sclerotium glucanicum	Atheliaceae	DNA	Class I	Herpesviridae	HSV				Scleroglucan	Antiviral Effect of a Polysaccharide from Sclerotium glucanicum towards Herpes Simplex Virus Type 1 Infection	Marchetti M. et. al.	Planta Med. 1996 Aug;62(4):303-7	8792659
Cyanobacteria	Spirulina platensis	Spirulinaceae	DNA	Class I	Herpesviridae	HSV		Phosphate and Water buffer extract			Salt stress enhancement of antioxidant and antiviral efficiency of Spirulina platensis	Shalaby EA. et. al.	Journal of Medicinal Plants Research Vol. 4(24), pp. 2622-2632	
Angiosperm(Phanerogams)	Baccharis gaudichaudiana	Asteraceae	RNA		Picornaviridae	Poliovirus		Organic extract			In vitro antiviral activity of plant extracts from Asteraceae medicinal plants	María F Visintini Jaime. et. al.	Virol J. 2013 Jul 27;10:245	23890410
Angiosperm(Phanerogams)	Baccharis gaudichaudiana	Asteraceae	RNA	Class V	Rhabdoviridae	VSV (Vesicular Stomatitis Virus)		Organic extract			In vitro antiviral activity of plant extracts from Asteraceae medicinal plants	María F Visintini Jaime. et. al.	Virol J. 2013 Jul 27;10:245	23890410
Angiosperm(Phanerogams)	Baccharis spicata	Asteraceae	RNA		Picornaviridae	Poliovirus		Organic extract			In vitro antiviral activity of plant extracts from Asteraceae medicinal plants	María F Visintini Jaime. et. al.	Virol J. 2013 Jul 27;10:245	23890410
Angiosperm(Phanerogams)	Baccharis spicata	Asteraceae	RNA	Class V	Rhabdoviridae	VSV (Vesicular Stomatitis Virus)		Organic extract			In vitro antiviral activity of plant extracts from Asteraceae medicinal plants	María F Visintini Jaime. et. al.	Virol J. 2013 Jul 27;10:245	23890410
Angiosperm(Phanerogams)	Tessaria absinthioides	Asteraceae	RNA		Picornaviridae	Poliovirus		Organic extract			In vitro antiviral activity of plant extracts from Asteraceae medicinal plants	María F Visintini Jaime. et. al.	Virol J. 2013 Jul 27;10:245	23890410
Angiosperm(Phanerogams)	Baccharis gaudichaudiana	Asteraceae	DNA	Class I	Herpesviridae	HSV		Aqueous extract			In vitro antiviral activity of plant extracts from Asteraceae medicinal plants	María F Visintini Jaime. et. al.	Virol J. 2013 Jul 27;10:245	23890410
Angiosperm(Phanerogams)	Baccharis spicata	Asteraceae	DNA	Class I	Herpesviridae	HSV		Aqueous extract			In vitro antiviral activity of plant extracts from Asteraceae medicinal plants	María F Visintini Jaime. et. al.	Virol J. 2013 Jul 27;10:245	23890410
Angiosperm(Phanerogams)	Tessaria absinthioides	Asteraceae	DNA	Class I	Herpesviridae	HSV		Aqueous extract			In vitro antiviral activity of plant extracts from Asteraceae medicinal plants	María F Visintini Jaime. et. al.	Virol J. 2013 Jul 27;10:245	23890410
Angiosperm(Phanerogams)	Achyrocline bogotensis	Asteraceae	RNA	Class III	Reoviridae	Rotavirus				Steroids, sterols, terpenes, phenols, flavonoids, sesquiterpenlactones	In vitro antiviral activity against rotavirus and astrovirus infection exerted by substances obtained from Achyrocline bogotensis (Kunth) DC. (Compositae)	Téllez MA. et. al.	BMC Complement Altern Med. 2015 Dec 3;15(1)	26630872
Angiosperm(Phanerogams)	Achyrocline bogotensis	Asteraceae	RNA	Class IV	Astroviridae	Astrovirus				Steroids, sterols, terpenes, phenols, flavonoids, sesquiterpenlactones	In vitro antiviral activity against rotavirus and astrovirus infection exerted by substances obtained from Achyrocline bogotensis (Kunth) DC. (Compositae)	Téllez MA. et. al.	BMC Complement Altern Med. 2015 Dec 3;15(1)	26630872
Angiosperm(Phanerogams)	Achyrocline satureioides	Asteraceae	RNA	Class IV	Togaviridae	WEEV		Cold aqueous extract and Hot aqueous extract			Evaluation of antiviral activity of aqueous extracts from Achyrocline satureioides against Western equine encephalitis virus	Sabini MC. et. al.	Nat Prod Res. 2012;26(5):405-15	20623427
Angiosperm(Phanerogams)	Byrsonima verbascifolia	Malpighiaceae	RNA	Class III	Reoviridae	Rotavirus		Crude ethanol extract			Screening of Brazilian medicinal plants for antiviral activity against rotavirus	Cecílio AB. et. al.	J Ethnopharmacol. 2012 Jun 14;141(3):975-81	22469769
Angiosperm(Phanerogams)	Eugenia dysenterica	Myrtaceae	RNA	Class III	Reoviridae	Rotavirus		Crude ethanol extract			Screening of Brazilian medicinal plants for antiviral activity against rotavirus	Cecílio AB. et. al.	J Ethnopharmacol. 2012 Jun 14;141(3):975-81	22469769
Angiosperm(Phanerogams)	Hymenaea courbaril	Fabaceae	RNA	Class III	Reoviridae	Rotavirus		Crude ethanol extract			Screening of Brazilian medicinal plants for antiviral activity against rotavirus	Cecílio AB. et. al.	J Ethnopharmacol. 2012 Jun 14;141(3):975-81	22469769
Angiosperm(Phanerogams)	Myracrodruon urundeuva	Anacardiaceae	RNA	Class III	Reoviridae	Rotavirus		Crude ethanol extract			Screening of Brazilian medicinal plants for antiviral activity against rotavirus	Cecílio AB. et. al.	J Ethnopharmacol. 2012 Jun 14;141(3):975-81	22469769
Angiosperm(Phanerogams)	Rindera lanata	Boraginaceae	RNA	Class III	Reoviridae	Rotavirus		Methanol extract			In vitro screening for antiviral activity of Turkish plants revealing methanolic extract of Rindera lanata var. lanata active against human rotavirus	Civra A. et. al.	BMC Complement Altern Med. 2017 Jan 24;17(1):74	28118832
	Achyrocline satureioides	Asteraceae	DNA	Class I	Flaviviridae	HSV		Hydroethanolic extract		Flavonoid	Evaluation of the antiherpetic activity of standardized extracts of Achyrocline satureioides	Bettega JM. et. al.	Phytother Res. 2004 Oct;18(10):819-23	15551398
Angiosperm(Phanerogams)	Glycyrrhiza uralensis	Fabaceae	RNA	Class III	Reoviridae	Rotavirus					Anti-rotaviral effects of Glycyrrhiza uralensis extract in piglets with rotavirus diarrhea	Alfajaro MM. et. al.	Virol J. 2012 Dec 18;9:310	23244491
	Achyrocline flaccida	Asteraceae	DNA	Class I	Herpesviridae	HSV		Aqueous extract			Biological and chemical characterization of the fraction with antiherpetic activity from Achyrocline flaccida	García G. et. al.	Planta Med. 1999 May;65(4):343-6	10364841
	Nelumbo nucifera	Nelumbonaceae	DNA	Class I	Herpesviridae	HSV		Aqueous extract			An evaluation of the inhibitory effects against rotavirus infection of edible plant extracts	Knipping K. et. al.	Virol J. 2012 Jul 26;9:137	22834653
	Aspalathus linearis	Fabaceae	DNA	Class I	Herpesviridae	HSV		Aqueous extract		Luteolin, Vitexin	An evaluation of the inhibitory effects against rotavirus infection of edible plant extracts	Knipping K. et. al.	Virol J. 2012 Jul 26;9:137	22834653
	Urtica dioica L.	Urticaceae	DNA	Class I	Herpesviridae	HSV		Aqueous extract			An evaluation of the inhibitory effects against rotavirus infection of edible plant extracts	Knipping K. et. al.	Virol J. 2012 Jul 26;9:137	22834653
	Glycyrrhiza glabra	Fabaceae	DNA	Class I	Herpesviridae	HSV		Aqueous extract		18ß-glycyrrhetinic acid	An evaluation of the inhibitory effects against rotavirus infection of edible plant extracts	Knipping K. et. al.	Virol J. 2012 Jul 26;9:137	22834653
	Olea europaea	Oleaceae	DNA	Class I	Herpesviridae	HSV		Aqueous extract			An evaluation of the inhibitory effects against rotavirus infection of edible plant extracts	Knipping K. et. al.	Virol J. 2012 Jul 26;9:137	22834653
Angiosperm(Phanerogams)	Aspilia pluriseta	Asteraceae	RNA	Class VI	Retroviridae	HIV		Aqueous extract			Antiviral activity of Rwandan medicinal plants against human immunodeficiency virus type-1 (HIV-1)	Cos P. et. al.	Phytomedicine. 2002 Jan;9(1):62-8	11924766
Angiosperm(Phanerogams)	Rumex bequaertii	Polygonaceae	RNA	Class VI	Retroviridae	HIV		Aqueous extract			Antiviral activity of Rwandan medicinal plants against human immunodeficiency virus type-1 (HIV-1)	Cos P. et. al.	Phytomedicine. 2002 Jan;9(1):62-8	11924766
Angiosperm(Phanerogams)	Stevia rebaudiana	Asteraceae	RNA	Class III	Reoviridae	Rotavirus		Hot Water extract			Analysis of anti-rotavirus activity of extract from Stevia rebaudiana	Takahashi K. et. al.	Antiviral Res. 2001 Jan;49(1):15-24	11166857
Angiosperm(Phanerogams)	Justicia reptans	Acanthaceae	RNA	Class VI	Retroviridae	HIV					Guatemalan plants extracts as virucides against HIV-1 infection	Bedoya LM. et. al.	Phytomedicine. 2008 Jun;15(6-7):520-4	18068962
Angiosperm(Phanerogams)	Neurolaena lobata	Asteraceae	RNA	Class VI	Retroviridae	HIV					Guatemalan plants extracts as virucides against HIV-1 infection	Bedoya LM. et. al.	Phytomedicine. 2008 Jun;15(6-7):520-4	18068962
Angiosperm(Phanerogams)	Pouteria viridis	Sapotaceae	RNA	Class VI	Retroviridae	HIV					Guatemalan plants extracts as virucides against HIV-1 infection	Bedoya LM. et. al.	Phytomedicine. 2008 Jun;15(6-7):520-4	18068962
Angiosperm(Phanerogams)	Cassia sieberiana	Fabaceae	RNA	Class VI	Retroviridae	HIV					Old plants newly discovered: Cassia sieberiana D.C. and Cassia abbreviata Oliv. Oliv. root extracts inhibit in vitro HIV-1c replication in peripheral blood mononuclear cells (PBMCs) by different modes of action	Leteane MM. et. al.	J Ethnopharmacol. 2012 May 7;141(1):48-56	22326358
Angiosperm(Phanerogams)	Cassia abbreviata	Fabaceae	RNA	Class VI	Retroviridae	HIV					Old plants newly discovered: Cassia sieberiana D.C. and Cassia abbreviata Oliv. Oliv. root extracts inhibit in vitro HIV-1c replication in peripheral blood mononuclear cells (PBMCs) by different modes of action	Leteane MM. et. al.	J Ethnopharmacol. 2012 May 7;141(1):48-56	22326358
Angiosperm(Phanerogams)	Barleria eranthemoides	Acanthaceae	RNA	Class VI	Retroviridae	HIV		Methanol extract			Screening of Tanzanian medicinal plants against Plasmodium falciparum and human immunodeficiency virus	Maregesi S. et. al.	Planta Med. 2010 Feb;76(2):195-20	19653145
Angiosperm(Phanerogams)	Combretum adenogonium	Combretaceae	RNA	Class VI	Retroviridae	HIV		Aqueous and Methanol extract			Screening of Tanzanian medicinal plants against Plasmodium falciparum and human immunodeficiency virus	Maregesi S. et. al.	Planta Med. 2010 Feb;76(2):195-20	19653145
Angiosperm(Phanerogams)	Elaeodendron schlechteranum	Celastraceae	RNA	Class VI	Retroviridae	HIV		Methanol extract			Screening of Tanzanian medicinal plants against Plasmodium falciparum and human immunodeficiency virus	Maregesi S. et. al.	Planta Med. 2010 Feb;76(2):195-20	19653145
Angiosperm(Phanerogams)	Lannea schweinfurthii	Anacardiaceae	RNA	Class VI	Retroviridae	HIV		Methanol extract			Screening of Tanzanian medicinal plants against Plasmodium falciparum and human immunodeficiency virus	Maregesi S. et. al.	Planta Med. 2010 Feb;76(2):195-20	19653145
Angiosperm(Phanerogams)	Terminalia mollis	Combretaceae	RNA	Class VI	Retroviridae	HIV		Aqueous and Methanol extract			Screening of Tanzanian medicinal plants against Plasmodium falciparum and human immunodeficiency virus	Maregesi S. et. al.	Planta Med. 2010 Feb;76(2):195-20	19653145
Angiosperm(Phanerogams)	Acacia tortilis	Fabaceae	RNA	Class VI	Retroviridae	HIV		Methanol extract			Screening of Tanzanian medicinal plants against Plasmodium falciparum and human immunodeficiency virus	Maregesi S. et. al.	Planta Med. 2010 Feb;76(2):195-20	19653145
Angiosperm(Phanerogams)	Ficus sycomorus	Moraceae	RNA	Class VI	Retroviridae	HIV		Methanol extract			Screening of Tanzanian medicinal plants against Plasmodium falciparum and human immunodeficiency virus	Maregesi S. et. al.	Planta Med. 2010 Feb;76(2):195-20	19653145
Angiosperm(Phanerogams)	Indigofera colutea	Fabaceae	RNA	Class VI	Retroviridae	HIV		Methanol extract			Screening of Tanzanian medicinal plants against Plasmodium falciparum and human immunodeficiency virus	Maregesi S. et. al.	Planta Med. 2010 Feb;76(2):195-20	19653145
Angiosperm(Phanerogams)	Lannea schweinfurthii	Anacardiaceae	RNA	Class VI	Retroviridae	HIV		Methanol extract			Screening of Tanzanian medicinal plants against Plasmodium falciparum and human immunodeficiency virus	Maregesi S. et. al.	Planta Med. 2010 Feb;76(2):195-20	19653145
Angiosperm(Phanerogams)	Elaeodendron schlechterianum	Celastraceae	RNA	Class VI	Retroviridae	HIV		Methanol extract			Screening of Tanzanian medicinal plants against Plasmodium falciparum and human immunodeficiency virus	Maregesi S. et. al.	Planta Med. 2010 Feb;76(2):195-20	19653145
Angiosperm(Phanerogams)	Cassia sieberiana	Fabaceae	RNA	Class VI	Retroviridae	HIV					Croton megalobotrys Müll Arg. and Vitex doniana (Sweet): Traditional medicinal plants in a three-step treatment regimen that inhibit in vitro replication of HIV-1	Tietjen I. et. al.	J Ethnopharmacol. 2016 Sep 15;191:331-340	27350006
Angiosperm(Phanerogams)	Vitex doniana	Lamiaceae	RNA	Class VI	Retroviridae	HIV					Croton megalobotrys Müll Arg. and Vitex doniana (Sweet): Traditional medicinal plants in a three-step treatment regimen that inhibit in vitro replication of HIV-2	Tietjen I. et. al.	J Ethnopharmacol. 2016 Sep 15;191:331-341	27350006
Angiosperm(Phanerogams)	Croton megalobotrys	Euphorbiaceae	RNA	Class VI	Retroviridae	HIV					Croton megalobotrys Müll Arg. and Vitex doniana (Sweet): Traditional medicinal plants in a three-step treatment regimen that inhibit in vitro replication of HIV-3	Tietjen I. et. al.	J Ethnopharmacol. 2016 Sep 15;191:331-342	27350006
Angiosperm(Phanerogams)	Cassia sieberiana	Fabaceae	RNA	Class VI	Retroviridae	HIV					Croton megalobotrys Müll Arg. and Vitex doniana (Sweet): Traditional medicinal plants in a three-step treatment regimen that inhibit in vitro replication of HIV-4	Tietjen I. et. al.	J Ethnopharmacol. 2016 Sep 15;191:331-343	27350006
Angiosperm(Phanerogams)	Vitex doniana	Lamiaceae	RNA	Class VI	Retroviridae	HIV					Croton megalobotrys Müll Arg. and Vitex doniana (Sweet): Traditional medicinal plants in a three-step treatment regimen that inhibit in vitro replication of HIV-5	Tietjen I. et. al.	J Ethnopharmacol. 2016 Sep 15;191:331-344	27350006
Angiosperm(Phanerogams)	Combretum molle	Combretaceae	RNA	Class VI	Retroviridae	HIV				Punicalgin, CM-A	Anti-HIV activity against immunodeficiency virus type 1 (HIV-I) and type II (HIV-II) of compounds isolated from the stem bark of Combretum molle	Asres K. et. al.	Ethiop Med J. 2005 Jan;43(1):15-20	16370525
Angiosperm(Phanerogams)	Combretum molle	Combretaceae	RNA	Class VI	Retroviridae	HIV					Anti-HIV activity against immunodeficiency virus type 1 (HIV-I) and type II (HIV-II) of compounds isolated from the stem bark of Combretum molle	Asres K. et. al.	Ethiop Med J. 2005 Jan;43(1):15-20	16370525
Angiosperm(Phanerogams)	Artemisia capillaris	Asteraceae	DNA	Class VII	Hepadnaviridae	HBV (Hepatitis B Virus)				Polyacetylenes- 8-(Z)-decene-4, 6-diyne-1, 3, 10-triol (1), 1, 3S, 8S-trihydroxydec-9-en-4, 6-yne (2), 3S, 8S-dihydroxydec-9-en-4, 6-yne 1-O-β-D-glucopyranoside (3), glucosyl caffeoate, 1-O-ethyl-6-O-caffeoyl-β-D-glucopyranose (4)	Polyacetylenes and anti-hepatitis B virus active constituents from Artemisia capillaris	Zhao Y. et. al.	Fitoterapia. 2014 Jun;95:187-93	24685503
	Helichrysum aureonitens	Asteraceae	DNA	Class I	Herpesviridae	HSV		Crude aqueous extract			Inhibition of herpes simplex virus type 1 by aqueous extracts from shoots of Helichrysum aureonitens (Asteraceae)	Meyer JJ. et. al.	J Ethnopharmacol. 1996 May;52(1):41-3	8733118
Angiosperm(Phanerogams)	Baccharis trinervis	Asteraceae	DNA	Class VI	Retroviridae	HIV		Aqueous extract			Screening of South American plants against human immunodeficiency virus: preliminary fractionation of aqueous extract from Baccharis trinervis	Sanchez Palomino S. et. al.	Biol Pharm Bull. 2002 Sep;25(9):1147-50	12230106
	Baccharis articulata	Asteraceae	DNA	Class I	Herpesviridae	HSV		Aqueous extract			Study of antiviral and virucidal activities of aqueous extract of Baccharis articulata against Herpes suis virus	Torres CV. et. al.	Nat Prod Commun. 2011 Jul;6(7):993-4	21834241
	Pelargonium sidoides	Geraniaceae	DNA	Class I	Herpesviridae	HSV		Aqueous extract			Efficacy of an aqueous Pelargonium sidoides extract against herpesvirus	Schnitzler P. et. al.	Phytomedicine. 2008 Dec;15(12):1108-16	18691858
	Pelargonium sidoides	Geraniaceae	DNA	Class I	Herpesviridae	HSV		Aqueous extract			Efficacy of an aqueous Pelargonium sidoides extract against herpesvirus	Schnitzler P. et. al.	Phytomedicine. 2008 Dec;15(12):1108-16	18691858
	Salvia officinalis	Lamiaceae	DNA	Class I	Herpesviridae	HSV		Ethanol extract			Comparative in vitro study on the anti-herpetic effect of phytochemically characterized aqueous and ethanolic extracts of Salvia officinalis grown at two different locations	Schnitzler P. et. al.	Phytomedicine. 2008 Jan;15(1-2):62-70	18068963
	Salvia officinalis	Lamiaceae	DNA	Class I	Herpesviridae	HSV		Ethanol extract			Comparative in vitro study on the anti-herpetic effect of phytochemically characterized aqueous and ethanolic extracts of Salvia officinalis grown at two different locations	Schnitzler P. et. al.	Phytomedicine. 2008 Jan;15(1-2):62-70	18068963
	Camellia sinensis	Theaceae	DNA	Class I	Herpesviridae	HSV				Tea Tree oil	Antiviral activity of Australian tea tree oil and eucalyptus oil against herpes simplex virus in cell culture	Schnitzler P. et. al.	Pharmazie. 2001 Apr;56(4):343-	11338678
	Camellia sinensis	Theaceae	DNA	Class I	Herpesviridae	HSV				Tea Tree oil	Antiviral activity of Australian tea tree oil and eucalyptus oil against herpes simplex virus in cell culture	Schnitzler P. et. al.	Pharmazie. 2001 Apr;56(4):343-	11338678
	Eucalyptus obliqua	Myrtaceae	DNA	Class I	Herpesviridae	HSV				Eucalyptus oil	Antiviral activity of Australian tea tree oil and eucalyptus oil against herpes simplex virus in cell culture	Schnitzler P. et. al.	Pharmazie. 2001 Apr;56(4):343-	11338678
	Eucalyptus obliqua	Myrtaceae	DNA	Class I	Herpesviridae	HSV				Eucalyptus oil	Antiviral activity of Australian tea tree oil and eucalyptus oil against herpes simplex virus in cell culture	Schnitzler P. et. al.	Pharmazie. 2001 Apr;56(4):343-	11338678
	Melissa officinalis	Lamiaceae	DNA	Class I	Herpesviridae	HSV				Melissa Oil	Melissa officinalis oil affects infectivity of enveloped herpesviruses.	Schnitzler P. et. al.	Phytomedicine. 2008 Sep;15(9):734-40	18693101
	Melissa officinalis	Lamiaceae	DNA	Class I	Herpesviridae	HSV				Melissa Oil	Melissa officinalis oil affects infectivity of enveloped herpesviruses.	Schnitzler P. et. al.	Phytomedicine. 2008 Sep;15(9):734-40	18693101
	Mentha piperita	Lamiaceae	DNA	Class I	Herpesviridae	HSV				Peppermint oil	Virucidal effect of peppermint oil on the enveloped viruses herpes simplex virus type 1 and type 2 in vitro	Schuhmacher A. et. al.	Phytomedicine. 2003;10(6-7):504-10	13678235
	Mentha piperita	Lamiaceae	DNA	Class I	Herpesviridae	HSV				Peppermint oil	Virucidal effect of peppermint oil on the enveloped viruses herpes simplex virus type 1 and type 2 in vitro	Schuhmacher A. et. al.	Phytomedicine. 2003;10(6-7):504-10	13678235
	Melissa officinalis	Lamiaceae	DNA	Class I	Herpesviridae	HSV		Aqueous extract			Antiviral effect of aqueous extracts from species of the Lamiaceae family against Herpes simplex virus type 1 and type 2 in vitro	Nolkemper S. et. al.	Planta Med. 2006 Dec;72(15):1378-82. Epub 2006 Nov 7	17091431
	Melissa officinalis	Lamiaceae	DNA	Class I	Herpesviridae	HSV		Aqueous extract			Antiviral effect of aqueous extracts from species of the Lamiaceae family against Herpes simplex virus type 1 and type 2 in vitro	Nolkemper S. et. al.	Planta Med. 2006 Dec;72(15):1378-82. Epub 2006 Nov 7	17091431
	Mentha x piperita	Lamiaceae	DNA	Class I	Herpesviridae	HSV		Aqueous extract			Antiviral effect of aqueous extracts from species of the Lamiaceae family against Herpes simplex virus type 1 and type 2 in vitro	Nolkemper S. et. al.	Planta Med. 2006 Dec;72(15):1378-82. Epub 2006 Nov 7	17091431
	Mentha x piperita	Lamiaceae	DNA	Class I	Herpesviridae	HSV		Aqueous extract			Antiviral effect of aqueous extracts from species of the Lamiaceae family against Herpes simplex virus type 1 and type 2 in vitro	Nolkemper S. et. al.	Planta Med. 2006 Dec;72(15):1378-82. Epub 2006 Nov 7	17091431
	Prunella vulgaris	Lamiaceae	DNA	Class I	Herpesviridae	HSV		Aqueous and Ethanol extract			Impact of ethanolic lamiaceae extracts on herpesvirus infectivity in cell culture	Nolkemper S. et. al.	Planta Med. 2006 Dec;72(15):1378-82. Epub 2006 Nov 11	19142040
	Prunella vulgaris	Lamiaceae	DNA	Class I	Herpesviridae	HSV		Aqueous extract			Antiviral effect of aqueous extracts from species of the Lamiaceae family against Herpes simplex virus type 1 and type 2 in vitro	Nolkemper S. et. al.	Planta Med. 2006 Dec;72(15):1378-82. Epub 2006 Nov 12	17091431
	Rosmarinus officinalis	Lamiaceae	DNA	Class I	Herpesviridae	HSV		Aqueous and Ethanol extract			Impact of ethanolic lamiaceae extracts on herpesvirus infectivity in cell culture	Nolkemper S. et. al.	Planta Med. 2006 Dec;72(15):1378-82. Epub 2006 Nov 11	19142040
	Rosmarinus officinalis	Lamiaceae	DNA	Class I	Herpesviridae	HSV		Aqueous extract			Antiviral effect of aqueous extracts from species of the Lamiaceae family against Herpes simplex virus type 1 and type 2 in vitro	Nolkemper S. et. al.	Planta Med. 2006 Dec;72(15):1378-82. Epub 2006 Nov 7	17091431
	Salvia officinalis	Lamiaceae	DNA	Class I	Herpesviridae	HSV		Aqueous extract			Antiviral effect of aqueous extracts from species of the Lamiaceae family against Herpes simplex virus type 1 and type 2 in vitro	Nolkemper S. et. al.	Planta Med. 2006 Dec;72(15):1378-82. Epub 2006 Nov 7	17091431
	Salvia officinalis	Lamiaceae	DNA	Class I	Herpesviridae	HSV		Aqueous extract			Antiviral effect of aqueous extracts from species of the Lamiaceae family against Herpes simplex virus type 1 and type 2 in vitro	Nolkemper S. et. al.	Planta Med. 2006 Dec;72(15):1378-82. Epub 2006 Nov 7	17091431
	Thymus vulgaris	Lamiaceae	DNA	Class I	Herpesviridae	HSV		Aqueous and Ethanol extract			Impact of ethanolic lamiaceae extracts on herpesvirus infectivity in cell culture	Nolkemper S. et. al.	Planta Med. 2006 Dec;72(15):1378-82. Epub 2006 Nov 11	19142040
	Thymus vulgaris	Lamiaceae	DNA	Class I	Herpesviridae	HSV		Aqueous extract			Antiviral effect of aqueous extracts from species of the Lamiaceae family against Herpes simplex virus type 1 and type 2 in vitro	Nolkemper S. et. al.	Planta Med. 2006 Dec;72(15):1378-82. Epub 2006 Nov 7	17091431
	Mentha piperita	Lamiaceae	DNA	Class I	Herpesviridae	HSV		Aqueous extract			Antiviral effect of aqueous extracts from species of the Lamiaceae family against Herpes simplex virus type 1 and type 2 in vitro	Nolkemper S. et. al.	Planta Med. 2006 Dec;72(15):1378-82. Epub 2006 Nov 7	17091431
	Melissa officinalis	Lamiaceae	DNA	Class I	Herpesviridae	HSV		Aqueous extract			Antiviral effect of aqueous extracts from species of the Lamiaceae family against Herpes simplex virus type 1 and type 2 in vitro	Nolkemper S. et. al.	Planta Med. 2006 Dec;72(15):1378-82. Epub 2006 Nov 7	17091431
	Mentha x piperita	Lamiaceae	DNA	Class I	Herpesviridae	HSV		Aqueous extract			Antiviral effect of aqueous extracts from species of the Lamiaceae family against Herpes simplex virus type 1 and type 2 in vitro	Nolkemper S. et. al.	Planta Med. 2006 Dec;72(15):1378-82. Epub 2006 Nov 7	17091431
	Prunella vulgaris	Lamiaceae	DNA	Class I	Herpesviridae	HSV		Aqueous extract			Antiviral effect of aqueous extracts from species of the Lamiaceae family against Herpes simplex virus type 1 and type 2 in vitro	Nolkemper S. et. al.	Planta Med. 2006 Dec;72(15):1378-82. Epub 2006 Nov 7	17091431
	Rosmarinus officinalis	Lamiaceae	DNA	Class I	Herpesviridae	HSV		Aqueous extract			Antiviral effect of aqueous extracts from species of the Lamiaceae family against Herpes simplex virus type 1 and type 2 in vitro	Nolkemper S. et. al.	Planta Med. 2006 Dec;72(15):1378-82. Epub 2006 Nov 7	17091431
	Salvia officinalis	Lamiaceae	DNA	Class I	Herpesviridae	HSV		Aqueous extract			Antiviral effect of aqueous extracts from species of the Lamiaceae family against Herpes simplex virus type 1 and type 2 in vitro	Nolkemper S. et. al.	Planta Med. 2006 Dec;72(15):1378-82. Epub 2006 Nov 7	17091431
	Thymus vulgaris	Lamiaceae	DNA	Class I	Herpesviridae	HSV		Aqueous extract			Antiviral effect of aqueous extracts from species of the Lamiaceae family against Herpes simplex virus type 1 and type 2 in vitro	Nolkemper S. et. al.	Planta Med. 2006 Dec;72(15):1378-82. Epub 2006 Nov 7	17091431
	Mentha piperita	Lamiaceae	DNA	Class I	Herpesviridae	HSV		Ethanol extract			Impact of ethanolic lamiaceae extracts on herpesvirus infectivity in cell culture	Reichling et al., 2008	Forsch Komplementmed. 2008 Dec;15(6):313-20	19142040
	Cajanus cajan	Fabaceae	DNA	Class I	Herpesviridae	HSV		Aqueous and Ethanol extract			Comparative study on the antiherpetic activity of aqueous and ethanolic extracts derived from Cajanus cajan (L.) Millsp	Zu Y. et. al.	Forsch Komplementmed. 2010 Mar;17(1):15-20	20215758
	Cajanus cajan	Fabaceae	DNA	Class I	Herpesviridae	HSV		Aqueous and Ethanol extract			Comparative study on the antiherpetic activity of aqueous and ethanolic extracts derived from Cajanus cajan (L.) Millsp	Zu Y. et. al.	Forsch Komplementmed. 2010 Mar;17(1):15-20	20215758
	Hysopp officinalis	Lamiaceae	DNA	Class I	Herpesviridae	HSV		Hydroalcohol extract			Screening of selected plant extracts for in vitro inhibitory activity on human immunodeficiency virus	Bedoya LM. et. al.	Phytother Res. 2002 Sep;16(6):550-4	12237813
	Dittrichia viscosa	Asteraceae	DNA	Class I	Herpesviridae	HSV		Aqueous extract			Screening of selected plant extracts for in vitro inhibitory activity on human immunodeficiency virus	Bedoya LM. et. al.	Phytother Res. 2002 Sep;16(6):550-4	12237813
Angiosperm(Phanerogams)	Calendula officinalis	Asteraceae	DNA	Class VI	Retroviridae	HIV		Aqueous extract and Organic extract			Anti-HIV activity of extracts from Calendula officinalis flowers	Kalvatchev Z. et. al.	Biomed Pharmacother. 1997;51(4):176-80	9207986
	Bergenia ligulata	Saxifragaceae	DNA	Class I	Herpesviridae	HSV		Aqueous and Methanol extract			Extracts and molecules from medicinal plants against herpes simplex viruses	Khan MT. et. al.	Antiviral Res. 2005 Aug;67(2):107-19	16040137
	Bombax cieba	Bombaceae	DNA	Class I	Herpesviridae	HSV		Aqueous and Methanol extract			Extracts and molecules from medicinal plants against herpes simplex viruses	Khan MT. et. al.	Antiviral Res. 2005 Aug;67(2):107-20	16040137
	Carea arborea	Lecythidaceae	DNA	Class I	Herpesviridae	HSV		Methanol extract			Extracts and molecules from medicinal plants against herpes simplex viruses	Khan MT. et. al.	Antiviral Res. 2005 Aug;67(2):107-21	16040137
	Coccinia cordifolia	Cucurbitaceae	DNA	Class I	Herpesviridae	HSV		Methanol extract			Extracts and molecules from medicinal plants against herpes simplex viruses	Khan MT. et. al.	Antiviral Res. 2005 Aug;67(2):107-22	16040137
	Dypsacus mitis	Dipsaceaceae	DNA	Class I	Herpesviridae	HSV		Aqueous and Methanol extract			Extracts and molecules from medicinal plants against herpes simplex viruses	Khan MT. et. al.	Antiviral Res. 2005 Aug;67(2):107-23	16040137
	Holoptelia integrifolia	Ulmaceae	DNA	Class I	Herpesviridae	HSV		Methanol extract			Extracts and molecules from medicinal plants against herpes simplex viruses	Khan MT. et. al.	Antiviral Res. 2005 Aug;67(2):107-24	16040137
	Nerium indicum	Apocynaceae	DNA	Class I	Herpesviridae	HSV		Methanol extract			Extracts and molecules from medicinal plants against herpes simplex viruses	Khan MT. et. al.	Antiviral Res. 2005 Aug;67(2):107-25	16040137
	Rhododendron anthopogon	Ericaceae	DNA	Class I	Herpesviridae	HSV		Aqueous and Methanol extract			Extracts and molecules from medicinal plants against herpes simplex viruses	Khan MT. et. al.	Antiviral Res. 2005 Aug;67(2):107-26	16040137
	Salvia coccinia	Labiateae	DNA	Class I	Herpesviridae	HSV		Aqueous and Methanol extract			Extracts and molecules from medicinal plants against herpes simplex viruses	Khan MT. et. al.	Antiviral Res. 2005 Aug;67(2):107-27	16040137
	Cerbera odollam	Apocynaceae	DNA	Class I	Herpesviridae	HSV		Aqueous extract			Extracts and molecules from medicinal plants against herpes simplex viruses	Khan MT. et. al.	Antiviral Res. 2005 Aug;67(2):107-27	16040137
	Willughbeia edulis	Apocynaceae	DNA	Class I	Herpesviridae	HSV		Aqueous extract			Extracts and molecules from medicinal plants against herpes simplex viruses	Khan MT. et. al.	Antiviral Res. 2005 Aug;67(2):107-27	16040137
	Vismia macrophylla	Clusiaceae	DNA	Class I	Herpesviridae	HSV					Extracts and molecules from medicinal plants against herpes simplex viruses	Khan MT. et. al.	Antiviral Res. 2005 Aug;67(2):107-27	16040137
	Symphonia globulifera	Clusiaceae	DNA	Class I	Herpesviridae	HSV					Extracts and molecules from medicinal plants against herpes simplex viruses	Khan MT. et. al.	Antiviral Res. 2005 Aug;67(2):107-27	16040137
	Eschweilera rufifolia	Lecythidaceae	DNA	Class I	Herpesviridae	HSV					Extracts and molecules from medicinal plants against herpes simplex viruses	Khan MT. et. al.	Antiviral Res. 2005 Aug;67(2):107-27	16040137
	Byrsonima verbascifolia	Malphigiaceae	DNA	Class I	Herpesviridae	HSV					Extracts and molecules from medicinal plants against herpes simplex viruses	Khan MT. et. al.	Antiviral Res. 2005 Aug;67(2):107-27	16040137
	Iryanthera megistophylla	Menispermaceae	DNA	Class I	Herpesviridae	HSV					Extracts and molecules from medicinal plants against herpes simplex viruses	Khan MT. et. al.	Antiviral Res. 2005 Aug;67(2):107-27	16040137
	Virola multinervia	Myristicaceae	DNA	Class I	Herpesviridae	HSV					Extracts and molecules from medicinal plants against herpes simplex viruses	Khan MT. et. al.	Antiviral Res. 2005 Aug;67(2):107-27	16040137
	Myrteola nummulari	Myrtaceae	DNA	Class I	Herpesviridae	HSV					Extracts and molecules from medicinal plants against herpes simplex viruses	Khan MT. et. al.	Antiviral Res. 2005 Aug;67(2):107-27	16040137
	Polygonum punctatum	Polygonaceae	DNA	Class I	Herpesviridae	HSV					Extracts and molecules from medicinal plants against herpes simplex viruses	Khan MT. et. al.	Antiviral Res. 2005 Aug;67(2):107-27	16040137
	Adiantum latifolium	Pteridophyta	DNA	Class I	Herpesviridae	HSV					Extracts and molecules from medicinal plants against herpes simplex viruses	Khan MT. et. al.	Antiviral Res. 2005 Aug;67(2):107-27	16040137
	Ampelozizyphus amazonicus	Rhamnaceae	DNA	Class I	Herpesviridae	HSV					Extracts and molecules from medicinal plants against herpes simplex viruses	Khan MT. et. al.	Antiviral Res. 2005 Aug;67(2):107-27	16040137
	Duroia hirsuta	Rubiaceae	DNA	Class I	Herpesviridae	HSV					Extracts and molecules from medicinal plants against herpes simplex viruses	Khan MT. et. al.	Antiviral Res. 2005 Aug;67(2):107-27	16040137
Angiosperm(Phanerogams)	Bridelia micrantha Baill.	Phyllanthaceae	RNA	Class VI	Retroviridae	HIV		Aqueous and Methanol extract			Evaluation of selected South African medicinal plants for inhibitoryproperties against human immunodeficiency virus type 1 reversetranscriptase and integrase	Bessong PO. et. al.	J Ethnopharmacol. 2005 May 13;99(1):83-91	15848024
Angiosperm(Phanerogams)	Combretum mollec R.Br. ex	Combretaceae	RNA	Class VI	Retroviridae	HIV		Aqueous and Methanol extract			Evaluation of selected South African medicinal plants for inhibitoryproperties against human immunodeficiency virus type 1 reversetranscriptase and integrase	Bessong PO. et. al.	J Ethnopharmacol. 2005 May 13;99(1):83-91	15848024
Angiosperm(Phanerogams)	Elaeodendron transvaalensis	Celastraceae	RNA	Class VI	Retroviridae	HIV		Aqueous and Methanol extract			Evaluation of selected South African medicinal plants for inhibitoryproperties against human immunodeficiency virus type 1 reversetranscriptase and integrase	Bessong PO. et. al.	J Ethnopharmacol. 2005 May 13;99(1):83-91	15848024
Angiosperm(Phanerogams)	Mucuna coriacea Baker	Fabaceae	RNA	Class VI	Retroviridae	HIV		Aqueous and Methanol extract			Evaluation of selected South African medicinal plants for inhibitoryproperties against human immunodeficiency virus type 1 reversetranscriptase and integrase	Bessong PO. et. al.	J Ethnopharmacol. 2005 May 13;99(1):83-91	15848024
Angiosperm(Phanerogams)	Peltophorum africanum sond.	Fabaceae	RNA	Class VI	Retroviridae	HIV		Aqueous and Methanol extract			Evaluation of selected South African medicinal plants for inhibitoryproperties against human immunodeficiency virus type 1 reversetranscriptase and integrase	Bessong PO. et. al.	J Ethnopharmacol. 2005 May 13;99(1):83-91	15848024
Angiosperm(Phanerogams)	Ricinus communis	Euphorbiaceae	RNA	Class VI	Retroviridae	HIV		Aqueous and Methanol extract			Evaluation of selected South African medicinal plants for inhibitoryproperties against human immunodeficiency virus type 1 reversetranscriptase and integrase	Bessong PO. et. al.	J Ethnopharmacol. 2005 May 13;99(1):83-91	15848024
Angiosperm(Phanerogams)	Sutherlandia frutescens	Fabaceae	RNA	Class VI	Retroviridae	HIV		Aqueous and Methanol extract			Evaluation of selected South African medicinal plants for inhibitoryproperties against human immunodeficiency virus type 1 reversetranscriptase and integrase	Bessong PO. et. al.	J Ethnopharmacol. 2005 May 13;99(1):83-91	15848024
Angiosperm(Phanerogams)	Vernonia stipulacea Klatt.	Asteraceae	RNA	Class VI	Retroviridae	HIV		Aqueous and Methanol extract			Evaluation of selected South African medicinal plants for inhibitoryproperties against human immunodeficiency virus type 1 reversetranscriptase and integrase	Bessong PO. et. al.	J Ethnopharmacol. 2005 May 13;99(1):83-91	15848024
Angiosperm(Phanerogams)	Ziziphus mucronata Willd.	Rhamnaceae	RNA	Class VI	Retroviridae	HIV		Aqueous and Methanol extract			Evaluation of selected South African medicinal plants for inhibitoryproperties against human immunodeficiency virus type 1 reversetranscriptase and integrase	Bessong PO. et. al.	J Ethnopharmacol. 2005 May 13;99(1):83-91	15848024
	Griffithsia sp	Wrangeliaceae	RNA	Class IV	Flaviviridae	HCV				Griffithsin	Antiviral lectins from red and blue-green algae show potent in vitro and in vivo activity against hepatitis C virus	Takebe Y. et. al.	PLoS One. 2013 May 21;8(5):e64449	23700478
	Scytonema varium	Scytonemataceae	RNA	Class IV	Flaviviridae	HCV				Scytovirin	Antiviral lectins from red and blue-green algae show potent in vitro and in vivo activity against hepatitis C virus	Takebe Y. et. al.	PLoS One. 2013 May 21;8(5):e64449	23700478
	Limonium sinense	Plumbaginaceae	RNA	Class IV	Flaviviridae	HCV				Gallic Acid	Plant-derived antivirals against hepatitis c virus infection	Jardim ACG. et. al.	Virol J. 2018 Feb 13;15(1):34	29439720
	Bupleurum kao	Apiaceae	RNA	Class IV	Flaviviridae	HCV				Saikosaponin b2	Plant-derived antivirals against hepatitis c virus infection	Jardim ACG. et. al.	Virol J. 2018 Feb 13;15(1):34	29439720
	Marrubium peregrinum L.	Lamiaceae	RNA	Class IV	Flaviviridae	HCV				Ladanein	A plant-derived flavonoid inhibits entry of all HCV genotypes into human hepatocytes. Gastroenterology	Haid S. et. al.	GASTROENTEROLOGY 2012;143:213–222	
	Camellia sinensis	Theaceae	RNA	Class IV	Flaviviridae	HCV				Epigallocatechin-3-gallate	(-)-Epigallocatechin-3-gallate is a new inhibitor of hepatitis C virus entry	Calland N. et. al.	Hepatology. 2012 Mar;55(3):720-9. doi: 10.1002/hep.24803	22105803
	Garcinia mangostana	Clusiaceae	RNA	Class IV	Flaviviridae	HCV		Ethanol extract		Xanthone	Mangosteen xanthones suppress hepatitis C virus genome replication	Choi M. et. al.	Virus Genes. 2014 Oct;49(2):208-22	24986787
	Swietenia macrophylla	Meliaceae	RNA	Class IV	Flaviviridae	HCV				3-hydroxy caruilignan C	Anti-hepatitis C virus activity of 3-hydroxy caruilignan C from Swietenia macrophylla stems	Wu SF. et. al.	J Viral Hepat. 2012 May;19(5):364-70	22497816
	Plumbago indica	Plumbaginaceae	RNA	Class IV	Flaviviridae	HCV				Plumbagin	Plumbagin, a Plant-Derived Compound, Exhibits Antifungal Combinatory Effect with Amphotericin B against Candida albicans Clinical Isolates and Anti-hepatitis C Virus Activity	Hassan ST. et. al.	Phytother Res. 2016 Sep;30(9)	27215409
	Humulus lupulus	Cannabaceae	RNA	Class IV	Flaviviridae	HCV				Xanthohumol	Inhibition of hepatitis C virus replication in vitro by xanthohumol, a natural product present in hops	Lou S. et. al.	Planta Med. 2014 Feb;80(2-3):171-6	24356905
	Coffea arabica	Rubiaceae	RNA	Class IV	Flaviviridae	HCV				Caffeine	Caffeine inhibits hepatitis C virus replication in vitro	Batista MN. et. al.	Arch Virol. 2015 Feb;160(2):399-407	25491197
	Maytrenus ilicifolia	Celastraceae	RNA	Class IV	Flaviviridae	HCV				APS	Natural compounds isolated from Brazilian plants are potent inhibitors of hepatitis C virus replication in vitro	Jardim ACG. et. al.	Antiviral Res. 2015 Mar; 115: 39–47	25557602
	Peperomia bland	Piperaceae	RNA	Class IV	Flaviviridae	HCV				5*362	Plant-derived antivirals against hepatitis c virus infection	Jardim ACG. et. al.	Virol J. 2018 Feb 13;15(1):34	29439720
	Embelia ribes	Primulaceae	RNA	Class IV	Flaviviridae	HCV				Quercetin	Effect of Quercetin on Hepatitis C Virus Life Cycle: From Viral to Host Targets	Rojas A. et. al.	Sci Rep. 2016; 6: 31777.	27546480
	Cynomorium songaricium	Cynomoriaceae	RNA	Class IV	Flaviviridae	HCV				Ursolic acid	Plant-derived antivirals against hepatitis c virus infection	Jardim ACG. et. al.	Virol J. 2018 Feb 13;15(1):34	29439720
	Magnolia officiais	Magnoliaceae	RNA	Class IV	Flaviviridae	HCV				Honokiol	Multiple effects of Honokiol on the life cycle of hepatitis C virus	Lan KH. et. al.	Liver Int. 2012 Jul;32(6):989-97	22098176
	Silybum marianum	Asteraceae	RNA	Class IV	Flaviviridae	HCV				Silibinin	Silymarin”, a Promising Pharmacological Agent for Treatment of Diseases	Karimi G. et. al.	Iran J Basic Med Sci. 2011 Jul-Aug; 14(4): 308–317	23492971
	Teucrium polium	Lamiaceae	RNA	Class IV	Flaviviridae	HCV		Methanol extract			In vitro evaluation of anti-herpes simplex-1 activity of three standardized medicinal plants from Lamiaceae	Ansari M. et. al.	Anc Sci Life. 2014 Jul-Sep; 34(1): 33–38	25737608
	Ziziphora clinopoides	Lamiaceae	RNA	Class IV	Flaviviridae	HCV		Methanol extract			In vitro evaluation of anti-herpes simplex-1 activity of three standardized medicinal plants from Lamiaceae	Ansari M. et. al.	Anc Sci Life. 2014 Jul-Sep; 34(1): 33–38	25737608
	Salvia rhytidea	Lamiaceae	RNA	Class IV	Flaviviridae	HCV		Methanol extract			In vitro evaluation of anti-herpes simplex-1 activity of three standardized medicinal plants from Lamiaceae	Ansari M. et. al.	Anc Sci Life. 2014 Jul-Sep; 34(1): 33–38	25737608
	Zatria multiflora	Lamiaceae	DNA	Class I	Herpesviridae	HSV		Methanol extract			Anti herpes simplex-1 activity of a standard extract of Zataria multiflora Boiss	Arabzadeh AM. et. al.	Pak J Biol Sci. 2013 Feb 15;16(4):180-4	24171266
	Mallotus peltatus	Euphorbiaceae	DNA	Class I	Herpesviridae	HSV		Methanolic crude		Ursolic acid	Anti-herpes virus activities of bioactive fraction and isolated pure constituent of Mallotus peltatus: an ethnomedicine from Andaman Islands	Bag P. et. al.	Virol J. 2012 May 24;9:98	22624581
	Mallotus peltatus	Euphorbiaceae	DNA	Class I	Herpesviridae	HSV		Methanolic crude		Ursolic acid	Anti-herpes virus activities of bioactive fraction and isolated pure constituent of Mallotus peltatus: an ethnomedicine from Andaman Islands	Bag P. et. al.	Virol J. 2012 May 24;9:98	22624581
	Achyranthes aspera	Amaranthaceae	DNA	Class I	Herpesviridae	HSV		Methanol extract		Oleanolic acid	Anti-herpes virus activities of Achyranthes aspera: an indian ethnomedicine, and its triterpene acid	Mukherjee H. et. al.	Microbiol Res. 2013 May 6;168(4):238-44	23218996
	Achyranthes aspera	Amaranthaceae	DNA	Class I	Herpesviridae	HSV		Methanol extract		Oleanolic acid	Anti-herpes virus activities of Achyranthes aspera: an indian ethnomedicine, and its triterpene acid	Mukherjee H. et. al.	Microbiol Res. 2013 May 6;168(4):238-44	23218996
	Swertia chirata	Gentianaceae	DNA	Class I	Herpesviridae	HSV		Crude extract			Antiviral activity of the Indian medicinal plant extract Swertia chirata against herpes simplex viruses: a study by in-vitro and molecular approach	Verma H. et. al.	Indian J Med Microbiol. 2008 Oct-Dec;26(4):322-6	18974483
	Macaranga kilimandscharica	Euphorbiaceae	RNA	Class IV	Matonaviridae	RuV					Further evaluation of Rwandan medicinal plant extracts for their antimicrobial and antiviral activities	Cos P. et. al.	J Ethnopharmacol. 2002 Feb;79(2):155-63	11801376
Angiosperm(Phanerogams)	Eriosema montanum	Fabaceae	RNA	Class IV	Togaviridae	SFV (Semliki Forest Virus)					Further evaluation of Rwandan medicinal plant extracts for their antimicrobial and antiviral activities	Cos P. et. al.	J Ethnopharmacol. 2002 Feb;79(2):155-63	11801376
Angiosperm(Phanerogams)	Entada abyssinica	Fabaceae	RNA	Class IV	Togaviridae	SFV (Semliki Forest Virus)					Further evaluation of Rwandan medicinal plant extracts for their antimicrobial and antiviral activities	Cos P. et. al.	J Ethnopharmacol. 2002 Feb;79(2):155-63	11801376
Angiosperm(Phanerogams)	Combretum paniculatum	Combretaceae	RNA	Class VI	Retroviridae	HIV		Acetone extract			Antiviral activity against human immunodeficiency virus type 1 (HIV-1) and type 2 (HIV-2) of ethnobotanically selected Ethiopian medicinal plants	Asres K. et. al.	Phytother Res. 2001 Feb;15(1):62-9	11180526
Angiosperm(Phanerogams)	Dodonaea angustifolia	Sapindaceae	RNA	Class VI	Retroviridae	HIV		Methanol extract			Antiviral activity against human immunodeficiency virus type 1 (HIV-1) and type 2 (HIV-2) of ethnobotanically selected Ethiopian medicinal plants	Asres K. et. al.	Phytother Res. 2001 Feb;15(1):62-9	11180526
Angiosperm(Phanerogams)	Combretum paniculatum	Combretaceae	RNA	Class VI	Retroviridae	HIV		Acetone extract			Antiviral activity against human immunodeficiency virus type 1 (HIV-1) and type 2 (HIV-2) of ethnobotanically selected Ethiopian medicinal plants	Asres K. et. al.	Phytother Res. 2001 Feb;15(1):62-9	11180526
Angiosperm(Phanerogams)	Dodonaea angustifolia	Sapindaceae	RNA	Class VI	Retroviridae	HIV		Hexane extract			Antiviral activity against human immunodeficiency virus type 1 (HIV-1) and type 2 (HIV-2) of ethnobotanically selected Ethiopian medicinal plants	Asres K. et. al.	Phytother Res. 2001 Feb;15(1):62-9	11180526
Angiosperm(Phanerogams)	Alcea rosea	Malvaceae	RNA	Class VI	Retroviridae	HIV		Methanol extract			Antiviral activity against human immunodeficiency virus type 1 (HIV-1) and type 2 (HIV-2) of ethnobotanically selected Ethiopian medicinal plants	Asres K. et. al.	Phytother Res. 2001 Feb;15(1):62-9	11180526
	Achyrocline satureioides	Asteraceae	DNA	Class I	Herpesviridae	HSV		Alcohol extract			Search for antiviral activity of certain medicinal plants from Córdoba, Argentina	Zanon SM. et. al.	Rev Latinoam Microbiol. 1999 Apr-Jun;41(2):59-62	10932751
	Ambrossia tenuifolia	Asteraceae	DNA	Class I	Herpesviridae	HSV		Alcohol extract			Search for antiviral activity of certain medicinal plants from Córdoba, Argentina	Zanon SM. et. al.	Rev Latinoam Microbiol. 1999 Apr-Jun;41(2):59-62	10932751
	Baccharis articulata	Asteraceae	DNA	Class I	Herpesviridae	HSV		Alcohol extract			Search for antiviral activity of certain medicinal plants from Córdoba, Argentina	Zanon SM. et. al.	Rev Latinoam Microbiol. 1999 Apr-Jun;41(2):59-62	10932751
	Eupatorium buniifolium	Asteraceae	DNA	Class I	Herpesviridae	HSV		Alcohol extract			Search for antiviral activity of certain medicinal plants from Córdoba, Argentina	Zanon SM. et. al.	Rev Latinoam Microbiol. 1999 Apr-Jun;41(2):59-62	10932751
	Mynthostachys verticillata	lamiaceae	DNA	Class I	Herpesviridae	HSV		Alcohol extract			Search for antiviral activity of certain medicinal plants from Córdoba, Argentina	Zanon SM. et. al.	Rev Latinoam Microbiol. 1999 Apr-Jun;41(2):59-62	10932751
	Plantago brasiliensis	Plantaginaceae	DNA	Class I	Herpesviridae	HSV		Alcohol extract			Search for antiviral activity of certain medicinal plants from Córdoba, Argentina	Zanon SM. et. al.	Rev Latinoam Microbiol. 1999 Apr-Jun;41(2):59-62	10932751
	Plantago mayor	Plantaginaceae	DNA	Class I	Herpesviridae	HSV		Alcohol extract			Search for antiviral activity of certain medicinal plants from Córdoba, Argentina	Zanon SM. et. al.	Rev Latinoam Microbiol. 1999 Apr-Jun;41(2):59-62	10932751
	Verbascum thapsus	Scrophulariaceae	DNA	Class I	Herpesviridae	HSV		Alcohol extract			Search for antiviral activity of certain medicinal plants from Córdoba, Argentina	Zanon SM. et. al.	Rev Latinoam Microbiol. 1999 Apr-Jun;41(2):59-62	10932751
	Baccharis gaudichaudiana	Asteraceae			Picornaviridae	Poliovirus		Organic extract			In vitro antiviral activity of plant extract from asteraceae medicinal plant	Maria F Visintini Jamie. et. al.	Visintini Jaime et al. Virology Journal 2013, 10:245	
Angiosperm(Phanerogams)	Baccharis spicata	Asteraceae	RNA	Class V	Rhabdoviridae	VSV (Vesicular Stomatitis Virus)		Organic extract			In vitro antiviral activity of plant extract from asteraceae medicinal plant	Maria F Visintini Jamie. et. al.	Visintini Jaime et al. Virology Journal 2013, 10:245	
	Baccharis spicata	Asteraceae			Picornaviridae	Poliovirus		Organic extract			In vitro antiviral activity of plant extract from asteraceae medicinal plant	Maria F Visintini Jamie. et. al.	Visintini Jaime et al. Virology Journal 2013, 10:245	
	Baccharis spicata	Asteraceae	DNA	Class I	Herpesviridae	HSV		Aqueous extract			In vitro antiviral activity of plant extract from asteraceae medicinal plant	Maria F Visintini Jamie. et. al.	Visintini Jaime et al. Virology Journal 2013, 10:245	
	Tessaria absinthioides	Asteraceae	DNA	Class I	Herpesviridae	HSV		Aqueous extract			In vitro antiviral activity of plant extract from asteraceae medicinal plant	Maria F Visintini Jamie. et. al.	Visintini Jaime et al. Virology Journal 2013, 10:245	
	Tessaria absinthioides	Asteraceae			Picornaviridae	Poliovirus		Organic extract			In vitro antiviral activity of plant extract from asteraceae medicinal plant	Maria F Visintini Jamie. et. al.	Visintini Jaime et al. Virology Journal 2013, 10:245	
Angiosperm(Phanerogams)	Baccharis gaudichaudiana	Asteraceae	RNA	Class V	Rhabdoviridae	VSV (Vesicular Stomatitis Virus)		Organic extract			In vitro antiviral activity of plant extract from asteraceae medicinal plant	Maria F Visintini Jamie. et. al.	Visintini Jaime et al. Virology Journal 2013, 10:245	
	Baccharis gaudichaudiana	Asteraceae	DNA	Class I	Herpesviridae	HSV		Aqueous extract			In vitro antiviral activity of plant extract from asteraceae medicinal plant	Maria F Visintini Jamie. et. al.	Visintini Jaime et al. Virology Journal 2013, 10:245	
	Azadirachta indica Juss.	Meliaceae	DNA	Class I	Herpesviridae	HSV		Aqueous extract			In vitro antiviral activity of neem (Azardirachta indica L.) bark extract against herpes simplex virus type-1 infection	Tiwari V. et. al.	Phytother Res. 2010 Aug; 24(8): 1132–1140	20041417
	Azadirachta indica Juss.	Meliaceae				DENV		Aqueous extract			Inhibitory potential of neem (Azadirachta indica Juss) leaves on Dengue virus type-2 replication	Parida MM. et. al.	Journal of EthnopharmacologyVolume 79, Issue 2, February 2002, Pages 273-278	
Angiosperm(Phanerogams)	Trichilia glabra	Meliaceae	RNA	Class V	Rhabdoviridae	VSV (Vesicular Stomatitis Virus)					Virucidal activity presence in Trichilia glabra leaves	Cella M. et. al.	Rev Argent Microbiol, 36(3), 136-138.	
	Peucedanum salinum	Apiaceae				ADV		Aqueous extract and Methanol extract			The influence of extracts from Peucedanum salinum on the replication of adenovirus type 5	Rajtar B. et. al.	Arch Med Sci. 2012 Feb 29; 8(1): 43–46	22457673
	Rheum palmatum	Polygonaceae				JEV		Methanol extract		Chrysophanol	Antiviral activity of Rheum palmatum methanol extract and chrysophanol against Japanese encephalitis virus	Chanq SJ. et. al.	Arch Pharm Res. 2014;37(9):1117-23	24395532
	Allium sativum	Amaryllidaceae	DNA	Class I	Herpesviridae	HSV				Ajoene	In vitro virucidal effects of Allium sativum (garlic) extract and compounds	Weber ND. et. al.	Planta Med. 1992 Oct;58(5):417-23	1470664
	Allium sativum	Amaryllidaceae	DNA	Class I	Herpesviridae	HSV				Ajoene	In vitro virucidal effects of Allium sativum (garlic) extract and compounds	Weber ND. et. al.	Planta Med. 1992 Oct;58(5):417-23	1470664
	Allium sativum	Amaryllidaceae				Parainfluenza virus				Ajoene	In vitro virucidal effects of Allium sativum (garlic) extract and compounds	Weber ND. et. al.	Planta Med. 1992 Oct;58(5):417-23	1470664
	Allium sativum	Amaryllidaceae				VACV				Ajoene	In vitro virucidal effects of Allium sativum (garlic) extract and compounds	Weber ND. et. al.	Planta Med. 1992 Oct;58(5):417-23	1470664
Angiosperm(Phanerogams)	Allium sativum	Amaryllidaceae	RNA	Class V	Rhabdoviridae	VSV (Vesicular Stomatitis Virus)				Ajoene	In vitro virucidal effects of Allium sativum (garlic) extract and compounds	Weber ND. et. al.	Planta Med. 1992 Oct;58(5):417-23	1470664
	Allium sativum	Amaryllidaceae				Rhinovirus				Ajoene	In vitro virucidal effects of Allium sativum (garlic) extract and compounds	Weber ND. et. al.	Planta Med. 1992 Oct;58(5):417-23	1470664
	Frangula alnus	Rhamnaceae				JEV				Aloe-emodin	Aloe-emodin is an interferon-inducing agent with antiviral activity against Japanese encephalitis virus and enterovirus 71	Lin CW. et. al.	Int J Antimicrob Agents. 2008 Oct;32(4):355-9	18701259
	Frangula alnus	Rhamnaceae				EV				Aloe-emodin	Aloe-emodin is an interferon-inducing agent with antiviral activity against Japanese encephalitis virus and enterovirus 71	Lin CW. et. al.	Int J Antimicrob Agents. 2008 Oct;32(4):355-9	18701259
Angiosperm(Phanerogams)	Rheum palmatum	Polygonaceae	DNA	Class VII	Hepadnaviridae	HBV (Hepatitis B Virus)		Ethanol extract		Anthraquinone chrysophanol 8-O-beta-D-glucoside	Identification of natural compounds with anti-hepatitis B virus activity from Rheum palmatum L. ethanol extract	Li Z. et. al.	Chemotherapy. 2007;53(5):320-6. Epub 2007 Sep 3.	17785969
Angiosperm(Phanerogams)	Geranium carolinianum	Geraniaceae	DNA	Class VII	Hepadnaviridae	HBV (Hepatitis B Virus)		Ethyl acetate extract		Geraniin, Ellagic acid and Hyperin	Anti-hepatitis B virus activities of Geranium carolinianum L. extracts and identification of the active components/ In vitro and in vivo anti-hepatitis B virus activities of a plant extract from Geranium carolinianum L	Li J. et. al.	Biol Pharm Bull. 2008 Apr;31(4):743-7/ Antiviral Res. 2008 Aug;79(2):114-20	18379075/ 18423640
Angiosperm(Phanerogams)	Terminalia chebula	Combretaceae	DNA	Class VII	Hepadnaviridae	HBV (Hepatitis B Virus)		Aqueous extract			Antiviral activities of extracts isolated from Terminalis chebula Retz., Sanguisorba officinalis L., Rubus coreanus Miq. and Rheum palmatum L. against hepatitis B virus	Kim TG. et. al.	Phytother Res. 2001 Dec;15(8):718-20	11746867
Angiosperm(Phanerogams)	Sanguisorba officinalis	Rosaceae	DNA	Class VII	Hepadnaviridae	HBV (Hepatitis B Virus)		Aqueous extract			Antiviral activities of extracts isolated from Terminalis chebula Retz., Sanguisorba officinalis L., Rubus coreanus Miq. and Rheum palmatum L. against hepatitis B virus	Kim TG. et. al.	Phytother Res. 2001 Dec;15(8):718-20	11746867
Angiosperm(Phanerogams)	Rubus coreanus	Rosaceae	DNA	Class VII	Hepadnaviridae	HBV (Hepatitis B Virus)		Aqueous extract			Antiviral activities of extracts isolated from Terminalis chebula Retz., Sanguisorba officinalis L., Rubus coreanus Miq. and Rheum palmatum L. against hepatitis B virus	Kim TG. et. al.	Phytother Res. 2001 Dec;15(8):718-20	11746867
Angiosperm(Phanerogams)	Rheum palmatum	Polygonaceae	DNA	Class VII	Hepadnaviridae	HBV (Hepatitis B Virus)		Aqueous extract			Antiviral activities of extracts isolated from Terminalis chebula Retz., Sanguisorba officinalis L., Rubus coreanus Miq. and Rheum palmatum L. against hepatitis B virus	Kim TG. et. al.	Phytother Res. 2001 Dec;15(8):718-20	11746867
Angiosperm(Phanerogams)	Euphorbia humifusa	Euphorbiaceae	DNA	Class VII	Hepadnaviridae	HBV (Hepatitis B Virus)				Agigenin/ humifusane A, Humifusane B	Anti-HBV active flavone glucosides from Euphorbia humifusa Willd/ New anti-HBV caryophyllane-type sesquiterpenoids from Euphorbia humifusa Willd	Tian Y. et. al.	Fitoterapia. 2011 Mar;82(2):251-4	20450964/ 20940034
Angiosperm(Phanerogams)	Phyllanthus urinaria	Phyllanthaceae	DNA	Class VII	Hepadnaviridae	HBV (Hepatitis B Virus)			Flavonoid	Ellagic acid	A flavonoid from medicinal plants blocks hepatitis B virus-e antigen secretion in HBV-infected hepatocytes	Shin MS. et. al.	Antiviral Res. 2005 Sep;67(3):163-8	16118024
Angiosperm(Phanerogams)	Paeonia lactiflora	Paeoniaceae	DNA	Class VII	Hepadnaviridae	HBV (Hepatitis B Virus)		Crude ethyl acetate extract			In vitro antiviral activity of 1,2,3,4,6-penta-O-galloyl-beta-D-glucose against hepatitis B virus	Lee SJ. et. al.	Biol Pharm Bull. 2006 Oct;29(10):2131-4	17015965
Angiosperm(Phanerogams)	Curcuma longa	Zingiberaceae	DNA	Class VII	Hepadnaviridae	HBV (Hepatitis B Virus)		Aqueous extract			Antiviral effect of Curcuma longa Linn extract against hepatitis B virus replication	Kim HJ. et. al.	J Ethnopharmacol. 2009 Jul 15;124(2)	19409970
Angiosperm(Phanerogams)	Jasminum officinale	Oleaceae	DNA	Class VII	Hepadnaviridae	HBV (Hepatitis B Virus)				Oleuropein	Antiviral efficacy against hepatitis B virus replication of oleuropein isolated from Jasminum officinale L. var. grandiflorum	Zhao G. et. al.	J Ethnopharmacol. 2009 Sep 7;125(2):265-8	19580857
Angiosperm(Phanerogams)	Jasminum officinale	Oleaceae	DNA	Class VII	Hepadnaviridae	HBV (Hepatitis B Virus)				Oleuropein	Antiviral efficacy against hepatitis B virus replication of oleuropein isolated from Jasminum officinale L. var. grandiflorum	Zhao G. et. al.	J Ethnopharmacol. 2009 Sep 7;125(2):265-8	19580857
Angiosperm(Phanerogams)	Jasminum grandiflorum	Oleaceae	DNA	Class VII	Hepadnaviridae	HBV (Hepatitis B Virus)				Oleuropein	Antiviral efficacy against hepatitis B virus replication of oleuropein isolated from Jasminum officinale L. var. grandiflorum	Zhao G. et. al.	J Ethnopharmacol. 2009 Sep 7;125(2):265-8	19580857
Angiosperm(Phanerogams)	Jasminum grandiflorum	Oleaceae	DNA	Class VII	Hepadnaviridae	HBV (Hepatitis B Virus)				Oleuropein	Antiviral efficacy against hepatitis B virus replication of oleuropein isolated from Jasminum officinale L. var. grandiflorum	Zhao G. et. al.	J Ethnopharmacol. 2009 Sep 7;125(2):265-8	19580857
Angiosperm(Phanerogams)	Agrimonia eupatoria	Rosaceae	DNA	Class VII	Hepadnaviridae	HBV (Hepatitis B Virus)		Aqueous extract			Inhibition of hepatitis B virus by an aqueous extract of Agrimonia eupatoria L	Kwon DH. et. al.	Phytother Res. 2005 Apr;19(4):355-8	16041735
Angiosperm(Phanerogams)	Swertia yunnanensis	Gentianaceae	DNA	Class VII	Hepadnaviridae	HBV (Hepatitis B Virus)			Triterpenoids		Chemical constituents of Swertia yunnanensis and their anti-hepatitis B virus activity	Cao TW. et. al.	Fitoterapia. 2013 Sep;89:175-82	23747320
Angiosperm(Phanerogams)	Swertia macrosperma	Gentianaceae	DNA	Class VII	Hepadnaviridae	HBV (Hepatitis B Virus)				Awermacrolactones A-C	Three new secoiridoids, swermacrolactones A-C and anti-hepatitis B virus activity from Swertia macrosperma	Wang HL. et. al.	Fitoterapia. 2013 Sep;89:183-7	23756190
Angiosperm(Phanerogams)	Phyllanthus nanus	Phyllanthaceae	DNA	Class VII	Hepadnaviridae	HBV (Hepatitis B Virus)		Ethanol extract			Antiviral effect of Phyllanthus nanus ethanolic extract against hepatitis B virus (HBV) by expression microarray analysis	Lam WY. et. al.	J Cell Biochem. 2006 Mar 1;97(4):795-812	16237706
Angiosperm(Phanerogams)	Illicium henryi	Schisandraceae	DNA	Class VII	Hepadnaviridae	HBV (Hepatitis B Virus)				dihydrodehydrodiconiferyl alcohol 9-O-β-D-(3″-O-acetyl)-xylopyranoside, threo-4,9,9'-trihydroxy-3,3'-dimethoxy-8-O-4'-neolignan 7-O-α-rhamnopyranoside	Two new lignans and anti-HBV constituents from Illicium henryi	Liu JF. et. al.	Chem Biodivers. 2011 Apr;8(4):692-8	21480515
Angiosperm(Phanerogams)	Oenanthe javanica	Apiaceae	DNA	Class VII	Hepadnaviridae	HBV (Hepatitis B Virus)			Phenolic compounds		In vivo and in vitro anti-hepatitis B virus activity of total phenolics from Oenanthe javanica	Han YQ. et. al.	J Ethnopharmacol. 2008 Jun 19;118(1):148-53	18495393
Angiosperm(Phanerogams)	Salvia miltiorrhiza	Lamiaceae	DNA	Class VII	Hepadnaviridae	HBV (Hepatitis B Virus)				Protocatechuic aldehyde	Protocatechuic aldehyde inhibits hepatitis B virus replication both in vitro and in vivo	Zhou Z. et. al.	Antiviral Res. 2007 Apr;74(1	17298850
Angiosperm(Phanerogams)	Scutellaria radix	Lamiaceae	DNA	Class VII	Hepadnaviridae	HBV (Hepatitis B Virus)				Wogonin	Anti-hepatitis B virus activity of wogonin in vitro and in vivo	Guo Q. et. al.	Antiviral Res. 2007 Apr;74(1):16-24. Epub 2007 Jan 24	17280723
Angiosperm(Phanerogams)	Lactuca sativa	Asteraceae	DNA	Class VII	Hepadnaviridae	HBV (Hepatitis B Virus)				Luteolin-7-O-Glucoside	Luteolin-7-O-Glucoside Present in Lettuce Extracts Inhibits Hepatitis B Surface Antigen Production and Viral Replication by Human Hepatoma Cells in Vitro	Cui XX. et. al.	Front Microbiol. 2017 Dec 6;8:2425	29270164
Angiosperm(Phanerogams)	Lactuca sativa	Asteraceae	DNA	Class VII	Hepadnaviridae	HBV (Hepatitis B Virus)				Luteolin-7-O-Glucoside	Luteolin-7-O-Glucoside Present in Lettuce Extracts Inhibits Hepatitis B Surface Antigen Production and Viral Replication by Human Hepatoma Cells in Vitro	Cui XX. et. al.	Front Microbiol. 2017 Dec 6;8:2425	29270164
Angiosperm(Phanerogams)	Swertia chirayita	Gentianaceae	DNA	Class VII	Hepadnaviridae	HBV (Hepatitis B Virus)				swertiachiralatone A, swertiachoside A, swertiachirdiol A, swertiachoside B	Anti-hepatitis B virus active constituents from Swertia chirayita	Zhou NJ. et. al.	Fitoterapia. 2015 Jan;100:27-34	25447162
Angiosperm(Phanerogams)	Swertia mussotii	Gentianaceae	DNA	Class VII	Hepadnaviridae	HBV (Hepatitis B Virus)				Secoiridoid aglycones	Chemical constituents of Swertia mussotii and their anti-hepatitis B virus activity	Cao TW. et. al.	Fitoterapia. 2015 Apr;102:15-22	25665940
Angiosperm(Phanerogams)	Swertia angustifolia	Gentianaceae	DNA	Class VII	Hepadnaviridae	HBV (Hepatitis B Virus)				Secoiridoid aglycones	Seven new secoiridoids with anti-hepatitis B virus activity from Swertia angustifolia	He K. et. al.	Planta Med. 2012 May;78(8):814-20	22441835
Angiosperm(Phanerogams)	Swertia patens	Gentianaceae	DNA	Class VII	Hepadnaviridae	HBV (Hepatitis B Virus)				Secoiridoid aglycones	Two new secoiridoids and other anti-hepatitis B virus active constituents from Swertia patens	He K. et. al.	J Asian Nat Prod Res. 2016 Jun;18(6)	26727588
Angiosperm(Phanerogams)	Phyllanthus niruri	Phyllanthaceae	DNA	Class VII	Hepadnaviridae	HBV (Hepatitis B Virus)				Lignan- nirtetralin B	Lignans with anti-hepatitis B virus activities from Phyllanthus niruri L	Wei W. et. al.	Phytother Res. 2012 Jul;26(7):964-8	22131154
Tracheophytes	Selaginella moellendorffii Hieron	Selaginellaceae	DNA	Class VII	Hepadnaviridae	HBV (Hepatitis B Virus)			Flavones	5-carboxymethyl-4',7-dihydroxyflavone, ethyl ester, butyl ester	Bioactive flavones and biflavones from Selaginella moellendorffii Hieron	Cao Y. et. al.	Fitoterapia. 2010 Jun;81(4):253-8	19775597
Angiosperm(Phanerogams)	Swertia macrosperma	Gentianaceae	DNA	Class VII	Hepadnaviridae	HBV (Hepatitis B Virus)				Secoiridoid aglycones	Three new secoiridoids, swermacrolactones A-C and anti-hepatitis B virus activity from Swertia macrosperma	Wang HL. et. al.	Fitoterapia. 2013 Sep;89:183-7	23756190
Angiosperm(Phanerogams)	Boehmeria nivea	Urticaceae	DNA	Class VII	Hepadnaviridae	HBV (Hepatitis B Virus)					Inhibition of hepatitis B virus production by Boehmeria nivea root extract in HepG2 2.2.15 cells	Huang KL. et. al.	World J Gastroenterol. 2006 Sep 21;12(35):5721-5	17007029
Angiosperm(Phanerogams)	Polygonum cuspidatum	Polygonaceae	DNA	Class VII	Hepadnaviridae	HBV (Hepatitis B Virus)		Methanol extract			In vitro inhibitory effects of Polygonum cuspidatum on bacterial viability and virulence factors of Streptococcus mutans and Streptococcus sobrinus	Song JH. et. al.	Arch Oral Biol. 2006 Dec;51(12):1131-40. Epub 2006 Aug 17	16914113
	Saxifraga melanocentra	Saxifragaceae	RNA	Class IV	Flaviviridae	HCV		Ethanol extract		1,2,3,4,6-penta-O-galloyl-beta-D-glucoside	In vitro anti-HCV activities of Saxifraga melanocentra and its related polyphenolic compounds	Zuo GY. et. al.	Antivir Chem Chemother. 2005;16(6):393-8	16329286
	Guazuma ulmifolia	Malvaceae			Picornaviridae	Poliovirus		Crude Aqueous extract and Ethyl acetate extract			Antiviral effect of Guazuma ulmifolia and Stryphnodendron adstringens on poliovirus and bovine herpesvirus	Felipe AM. et. al.	Biol Pharm Bull. 2006 Jun;29(6):1092-5	16754999
	Guazuma ulmifolia	Malvaceae				BHV		Crude Aqueous extract and Ethyl acetate extract			Antiviral effect of Guazuma ulmifolia and Stryphnodendron adstringens on poliovirus and bovine herpesvirus	Felipe AM. et. al.	Biol Pharm Bull. 2006 Jun;29(6):1092-5	16754999
	Stryphnodendron adstringens	Fabaceae			Picornaviridae	Poliovirus		Crude Aqueous extract and Ethyl acetate extract			Antiviral effect of Guazuma ulmifolia and Stryphnodendron adstringens on poliovirus and bovine herpesvirus	Felipe AM. et. al.	Biol Pharm Bull. 2006 Jun;29(6):1092-5	16754999
	Stryphnodendron adstringens	Fabaceae				BHV		Crude Aqueous extract and Ethyl acetate extract			Antiviral effect of Guazuma ulmifolia and Stryphnodendron adstringens on poliovirus and bovine herpesvirus	Felipe AM. et. al.	Biol Pharm Bull. 2006 Jun;29(6):1092-5	16754999
	Rhodiola kirilowii	Crassulaceae	RNA	Class IV	Flaviviridae	HCV				Salidroside	Activity of compounds from Chinese herbal medicine Rhodiola kirilowii (Regel) Maxim against HCV NS3 serine protease	Zuo G. et. al.	Antiviral Res. 2007 Oct;76(1):86-92. Epub 2007 Jun 26	17624450
	Taxillus sutchuenensis	Loranthaceae	RNA	Class IV	Flaviviridae	HCV		Ethyl acetate extract		kaempferol-3,7-bisrhamnoside, (3S)-3-hydroxy-1,7-bis(4-hydroxy-phenyl)-6E-hepten-5-one	Activity of compounds from Taxillus sutchuenensis as inhibitors of HCV NS3 serine protease	Yang L. et. al.	Nat Prod Res. 2017 Feb;31(4):487-491	27295355
	Alchornea trewioides	Euphorbiaceae	RNA	Class IV	Flaviviridae	HCV		Ethyl acetate extract			Preliminary screening of activity fraction of Alchornea trewioides suppresses expression of subgenomic hepatitis C virus RNA in vitro	Wang QR. et. al.	Zhong Yao Cai. 2013 Jun;36(6):880-3	24380267
	Heteropteris aphrodisiaca	Malpighiaceae			Picornaviridae	Poliovirus				Nitro Compound	The in vitro antiviral activity of an aliphatic nitro compound from Heteropteris aphrodisiaca	Melo FL. et. al.	Microbiol Res. 2008;163(2):136-9. Epub 2006 Jun 2	16735108
	Heteropteris aphrodisiaca	Malpighiaceae				BHV				Nitro Compound	The in vitro antiviral activity of an aliphatic nitro compound from Heteropteris aphrodisiaca	Melo FL. et. al.	Microbiol Res. 2008;163(2):136-9. Epub 2006 Jun 2	16735108
	Agaricus brasiliensis	Agaricaceae			Picornaviridae	Poliovirus		Aqueous extract and Ethanol extract	Polysaccharide		Antiviral activity of aqueous and ethanol extracts and of an isolated polysaccharide from Agaricus brasiliensis against poliovirus type 1	Faccin LC. et. al.	Lett Appl Microbiol. 2007 Jul;45(1):24-8	17594456
	Trichilia catigua	Meliaceae			Picornaviridae	Poliovirus					Antiviral Activity of Trichilia catigua Bark Extracts for Herpesvirus and Poliovirus	Espada SF. et. al.	Curr Pharm Biotechnol. 2015;16(8):724-32	25941883
	Portulaca oleracea	Portulacaceae	RNA	Class IV	Flaviviridae	HCV		Methanol extract			Portulaca oleracea L. as a Prospective Candidate Inhibitor of Hepatitis C Virus NS3 Serine Protease	Noreen S. et. al.	Viral Immunol. 2015 Jun;28(5):282-9	25871297
	Stylogne cauliflora	Myrtaceae	RNA	Class IV	Flaviviridae	HCV		Methanol extract			Two antiviral compounds from the plant Stylogne cauliflora as inhibitors of HCV NS3 protease	Heqde VR. et. al.	Bioorg Med Chem Lett. 2003 Sep 1;13(17):2925-	14611859
	Solanum nigrum	Solanaceae	RNA	Class IV	Flaviviridae	HCV		Chloroform extract and Methanol extract			In-vitro antiviral activity of Solanum nigrum against Hepatitis C Virus	Javed T. et. al.	Virol J. 2011 Jan 19;8:26. doi: 10.1186/1743-422X-8-26	21247464
	Phyllanthus amarus	Phyllanthaceae	RNA	Class IV	Flaviviridae	HCV		Alcohol extract, Aqueous extract and Methanol extract			Inhibition of hepatitis C virus replication by herbal extract: Phyllanthus amarus as potent natural source	Ravikumar YS. et. al.	Virus Res. 2011 Jun;158(1-2):89-97	21440018
	Amphimedon	Niphatidae	RNA	Class IV	Flaviviridae	HCV		Ethyl acetate extract			Inhibition of both protease and helicase activities of hepatitis C virus NS3 by an ethyl acetate extract of marine sponge Amphimedon sp.	Fujimoto Y. et. al.	PLoS One. 2012;7(11):e48685	23144928
	Embelia ribes	Primulaceae	RNA	Class IV	Flaviviridae	HCV				Quercetin	Suppression of hepatitis C virus by the flavonoid quercetin is mediated by inhibition of NS3 protease activity	Bachmetov L. et. al.	J Viral Hepat. 2012 Feb;19(2):e81-8	22239530
	Dianella longifolia	‎Asparagaceae			Picornaviridae	Poliovirus				Chrysophanic acid (1,8-dihydroxy-3-methylanthraquinone)	In vitro antiviral activity of the anthraquinone chrysophanic acid against poliovirus	Semple SJ. et. al.	Antiviral Res. 2001 Mar;49(3):169-78	11428243
	Nepeta nepetella	Lamiaceae	DNA	Class I	Herpesviridae	HSV		Aqueous extract			Search for antiviral activity in higher plant extracts	Abad MJ. et. al.	Phytother Res. 2000 Dec;14(8):604-7	11113996
	Nepeta coerulea	Lamiaceae	DNA	Class I	Herpesviridae	HSV		Aqueous extract			Search for antiviral activity in higher plant extracts	Abad MJ. et. al.	Phytother Res. 2000 Dec;14(8):604-7	11113996
	Nepeta tuberosa	Lamiaceae	DNA	Class I	Herpesviridae	HSV		Aqueous extract			Search for antiviral activity in higher plant extracts	Abad MJ. et. al.	Phytother Res. 2000 Dec;14(8):604-7	11113996
	Dittrichia viscosa	Lamiaceae	DNA	Class I	Herpesviridae	HSV		Aqueous extract			Search for antiviral activity in higher plant extracts	Abad MJ. et. al.	Phytother Res. 2000 Dec;14(8):604-7	11113996
	Sanguisorba minor magnolii	Lamiaceae	DNA	Class I	Herpesviridae	HSV		Aqueous extract			Search for antiviral activity in higher plant extracts	Abad MJ. et. al.	Phytother Res. 2000 Dec;14(8):604-7	11113996
	Agaricus brasiliensis	Agaricaceae	DNA	Class I	Herpesviridae	HSV				Polysaccharide-peptide (PLS) and β-glucan	Antiviral properties of polysaccharides from Agaricus brasiliensis in the replication of bovine herpesvirus 1	Minari MC. et. al.	Acta Virol. 2011;55(3):255-9	21978159
	Lentinula edodes	Marasmiaceae			Picornaviridae	Poliovirus		Aqueous extract and Methanol extract			Polysaccharide and extracts from Lentinula edodes: structural features and antiviral activity	Rincao VP. et. al.	Virol J. 2012 Feb 15;9:37	22336004
	Nephelium lappaceum	Sapindaceae				DENV				Geraniin	Geraniin extracted from the rind of Nephelium lappaceum binds to dengue virus type-2 envelope protein and inhibits early stage of virus replication	Abdul Ahmad SA. et. al.	Virol J. 2017 Nov 21;14(1):229	29162124
	Satureja boliviana	lamiaceae	DNA	Class I	Herpesviridae	HSV		Aqueous extract			Antiviral activity of Bolivian plant extracts	Abad MJ. et. al.	Gen Pharmacol. 1999 Apr;32(4):499-503	10323492
	Baccharis genistelloides	Asteraceae	DNA	Class I	Herpesviridae	HSV		Aqueous extract			Antiviral activity of Bolivian plant extracts	Abad MJ. et. al.	Gen Pharmacol. 1999 Apr;32(4):499-503	10323492
	Trichilia glabra	Meliaceae	DNA	Class I	Herpesviridae	HSV		Chloroform extract and Methanol extract			Virucidal activity presence in Trichilia glabra leaves	Cella M. et. al.	Rev Argent Microbiol. 2004 Jul-Sep;36(3):136-8	15559196
	Caesalpinia ferrea	Fabaceae	DNA	Class I	Herpesviridae	HSV				Sulfated polysaccharide	Sulfated polysaccharide of Caesalpinia ferrea inhibits herpes simplex virus and poliovirus	Lopes N. et. al.	Int J Biol Macromol. 2013 Sep;60:93-9	23707733
	Sargassum patens	Sargassaceae	DNA	Class I	Herpesviridae	HSV				sulphated polysaccharide (SP2)	Antiviral property and mode of action of a sulphated polysaccharide from Sargassum patens against herpes simplex virus type 2	Zhu W. et. al.	Int J Antimicrob Agents. 2004 Sep;24(3):279-83	15325432
	Acacia nilotica	Fabaceae	RNA	Class IV	Flaviviridae	HCV		Acetone extract and Methanol extract			Antiviral activity of Acacia nilotica against Hepatitis C Virus in liver infected cells	Rehman S. et. al.	Virol J. 2011 May 12;8:220. doi: 10.1186/1743-422X-8-220	21569385
	Dimocarpus longan	Sapindaceae	RNA	Class IV	Flaviviridae	HCV		Crude extract			Anti-Hepatitis C Virus Activity of a Crude Extract from Longan (Dimocarpus longan Lour.) Leaves	Apriyanto DR. et. al.	Jpn J Infect Dis. 2016 May 20;69(3):213-20	26255732
	Baccharis trinervis	Asteraceae	DNA	Class I	Herpesviridae	HSV		Aqueous extract			Antiviral activity of some South American medicinal plants	Abad MJ. et. al.	Phytother Res. 1999 Mar;13(2):142-6	10190189
Angiosperm(Phanerogams)	Baccharis teindalensis	Asteraceae	RNA	Class V	Rhabdoviridae	VSV (Vesicular Stomatitis Virus)		Aqueous extract			Antiviral activity of some South American medicinal plants	Abad MJ. et. al.	Phytother Res. 1999 Mar;13(2):142-6	10190189
	Eupatorium articulatum	Asteraceae	DNA	Class I	Herpesviridae	HSV		Aqueous extract			Antiviral activity of some South American medicinal plants	Abad MJ. et. al.	Phytother Res. 1999 Mar;13(2):142-6	10190189
Angiosperm(Phanerogams)	Eupatorium glutinosum	Asteraceae	RNA	Class V	Rhabdoviridae	VSV (Vesicular Stomatitis Virus)		Aqueous extract			Antiviral activity of some South American medicinal plants	Abad MJ. et. al.	Phytother Res. 1999 Mar;13(2):142-6	10190189
	Lycoris radiate	Amaryllidaceae				SARS-CoV				3-(4,5-dimethylthiazol-2-yl)-5-(3-carboxymethoxyphenyl)-2-(4-sulfophenyl)-2H-tetrazolium inner salt (MTS)	Identification of natural compounds with antiviral activities against SARS-associated coronavirus	Li et al., 2005	Antiviral Res. 2005 Jul;67(1):18-23	15885816
Angiosperm(Phanerogams)	Neurolaena lobata	Asteraceae	RNA	Class V	Rhabdoviridae	VSV (Vesicular Stomatitis Virus)		Aqueous extract			Antiviral activity of some South American medicinal plants	Abad MJ. et. al.	Phytother Res. 1999 Mar;13(2):142-6	10190189
	Heisteria acuminata	Oleaceae	DNA	Class I	Herpesviridae	HSV		Ethanol extract			Antiviral activity of some South American medicinal plants	Abad MJ. et. al.	Phytother Res. 1999 Mar;13(2):142-6	10190189
Angiosperm(Phanerogams)	Barleria eranthemoides	Acanthaceae	RNA	Class V	Rhabdoviridae	VSV (Vesicular Stomatitis Virus)		n-Hexane extract			Screening of some Tanzanian medicinal plants from Bunda district for antibacterial, antifungal and antiviral activities	Maregesi SM. et. al.	J Ethnopharmacol. 2008 Sep 2;119(1):58-66	18582554
Angiosperms	Lannea schweinfurthii	Anacardiaceae	RNA	Class IV	Togaviridae	SFV (Semliki Forest Virus)		Methanol extract			Screening of some Tanzanian medicinal plants from Bunda district for antibacterial, antifungal and antiviral activities	Maregesi SM. et. al.	J Ethnopharmacol. 2008 Sep 2;119(1):58-66	18582554
Angiosperm(Phanerogams)	Ozoroa reticulata	Anacardiaceae	RNA	Class V	Rhabdoviridae	VSV (Vesicular Stomatitis Virus)		Methanol extract			Screening of some Tanzanian medicinal plants from Bunda district for antibacterial, antifungal and antiviral activities	Maregesi SM. et. al.	J Ethnopharmacol. 2008 Sep 2;119(1):58-66	18582554
Angiosperm(Phanerogams)	Balanites aegyptiaca	Zygophyllaceae	RNA	Class V	Rhabdoviridae	VSV (Vesicular Stomatitis Virus)		n-Hexane extract			Screening of some Tanzanian medicinal plants from Bunda district for antibacterial, antifungal and antiviral activities	Maregesi SM. et. al.	J Ethnopharmacol. 2008 Sep 2;119(1):58-66	18582554
Angiosperm(Phanerogams)	Kigelia africana (Lam.) Benth	Bignoniaceae	RNA	Class V	Rhabdoviridae	VSV (Vesicular Stomatitis Virus)		Methanol extract			Screening of some Tanzanian medicinal plants from Bunda district for antibacterial, antifungal and antiviral activities	Maregesi SM. et. al.	J Ethnopharmacol. 2008 Sep 2;119(1):58-66	18582554
Angiosperm(Phanerogams)	Combretum adenogonium	Combretaceae	RNA	Class V	Rhabdoviridae	VSV (Vesicular Stomatitis Virus)		Methanol extract			Screening of some Tanzanian medicinal plants from Bunda district for antibacterial, antifungal and antiviral activities	Maregesi SM. et. al.	J Ethnopharmacol. 2008 Sep 2;119(1):58-66	18582554
	Terminalia mollis Laws	Combretaceae	DNA	Class I	Herpesviridae	HSV		Methanol extract			Screening of some Tanzanian medicinal plants from Bunda district for antibacterial, antifungal and antiviral activities	Maregesi SM. et. al.	J Ethnopharmacol. 2008 Sep 2;119(1):58-66	18582554
	Euphorbia tirucalli L.	Euphorbiaceae	DNA	Class I	Herpesviridae	HSV		Methanol extract			Screening of some Tanzanian medicinal plants from Bunda district for antibacterial, antifungal and antiviral activities	Maregesi SM. et. al.	J Ethnopharmacol. 2008 Sep 2;119(1):58-66	18582554
Angiosperm(Phanerogams)	Crotalaria cf. Caudata Welw. ex Baker	Fabaceae	RNA	Class V	Rhabdoviridae	VSV (Vesicular Stomatitis Virus)		n-Hexane extract			Screening of some Tanzanian medicinal plants from Bunda district for antibacterial, antifungal and antiviral activities	Maregesi SM. et. al.	J Ethnopharmacol. 2008 Sep 2;119(1):58-66	18582554
Angiosperms	Hoslundia opposita	Lamiaceae	RNA	Class IV	Togaviridae	SFV (Semliki Forest Virus)		Methanol extract			Screening of some Tanzanian medicinal plants from Bunda district for antibacterial, antifungal and antiviral activities	Maregesi SM. et. al.	J Ethnopharmacol. 2008 Sep 2;119(1):58-66	18582554
	Acacia tortilis (Forsk.) Hyne	Mimosaceae	RNA	Class IV	Picornaviridae	Cox		Methanol extract			Screening of some Tanzanian medicinal plants from Bunda district for antibacterial, antifungal and antiviral activities	Maregesi SM. et. al.	J Ethnopharmacol. 2008 Sep 2;119(1):58-66	18582554
Angiosperm(Phanerogams)	Ficus sycomorus L.	Moraceae	RNA	Class V	Rhabdoviridae	VSV (Vesicular Stomatitis Virus)		n-Hexane extract			Screening of some Tanzanian medicinal plants from Bunda district for antibacterial, antifungal and antiviral activities	Maregesi SM. et. al.	J Ethnopharmacol. 2008 Sep 2;119(1):58-66	18582554
Angiosperm(Phanerogams)	Indigofera colutea	Papilionaceae	RNA	Class V	Rhabdoviridae	VSV (Vesicular Stomatitis Virus)		n-Hexane and Methanolic extract			Screening of some Tanzanian medicinal plants from Bunda district for antibacterial, antifungal and antiviral activities	Maregesi SM. et. al.	J Ethnopharmacol. 2008 Sep 2;119(1):58-66	18582554
Angiosperms	Ormocarpum kirkii S. Moore	Fabaceae	RNA	Class IV	Togaviridae	SFV (Semliki Forest Virus)		n-Hexane extract			Screening of some Tanzanian medicinal plants from Bunda district for antibacterial, antifungal and antiviral activities	Maregesi SM. et. al.	J Ethnopharmacol. 2008 Sep 2;119(1):58-66	18582554
	Rhynchosia sublobata (Schum.)	Papilionaceae	DNA	Class I	Herpesviridae	HSV		Aqueous extract			Screening of some Tanzanian medicinal plants from Bunda district for antibacterial, antifungal and antiviral activities	Maregesi SM. et. al.	J Ethnopharmacol. 2008 Sep 2;119(1):58-66	18582554
	Cyathula uncinulata	Amaranthaceae	RNA	Class IV	Picornaviridae	Cox		Ethanol extract			Screening of seven selected Rwandan medicinal plants for antimicrobial and antiviral activities	Sindambiwe JB. et. al.	J Ethnopharmacol. 1999 Apr;65(1):71-7	10350370
	Berkheya spekeana	Asteraceae	RNA	Class IV	Picornaviridae	Cox		Ethanol extract			Screening of seven selected Rwandan medicinal plants for antimicrobial and antiviral activities	Sindambiwe JB. et. al.	J Ethnopharmacol. 1999 Apr;65(1):71-7	10350370
	Guizotia scabra	Asteraceae	DNA	Class I	Herpesviridae	HSV		Ethanol extract			Screening of seven selected Rwandan medicinal plants for antimicrobial and antiviral activities	Sindambiwe JB. et. al.	J Ethnopharmacol. 1999 Apr;65(1):71-7	10350370
	Guthenbergia cordifolia	Asteraceae	DNA	Class I	Herpesviridae	HSV		Ethanol extract			Screening of seven selected Rwandan medicinal plants for antimicrobial and antiviral activities	Sindambiwe JB. et. al.	J Ethnopharmacol. 1999 Apr;65(1):71-7	10350370
	Microglossa pyrifolia	Asteraceae	DNA	Class I	Herpesviridae	HSV		Ethanol extract			Screening of seven selected Rwandan medicinal plants for antimicrobial and antiviral activities	Sindambiwe JB. et. al.	J Ethnopharmacol. 1999 Apr;65(1):71-7	10350370
	Spilanthes mauritiana	Asteraceae	DNA	Class I	Herpesviridae	HSV		Ethanol extract			Screening of seven selected Rwandan medicinal plants for antimicrobial and antiviral activities	Sindambiwe JB. et. al.	J Ethnopharmacol. 1999 Apr;65(1):71-7	10350370
	Cassia didymobotrya	Caesalpiniaceae	DNA	Class I	Herpesviridae	HSV		Ethanol extract			Screening of seven selected Rwandan medicinal plants for antimicrobial and antiviral activities	Sindambiwe JB. et. al.	J Ethnopharmacol. 1999 Apr;65(1):71-7	10350370
	Macaranga kilimandscharica	Euphorbiaceae	DNA	Class I	Herpesviridae	HSV		Ethanol extract			Screening of seven selected Rwandan medicinal plants for antimicrobial and antiviral activities	Sindambiwe JB. et. al.	J Ethnopharmacol. 1999 Apr;65(1):71-7	10350370
	Eriosema montanum	Fabaceae	DNA	Class I	Herpesviridae	HSV		Ethanol extract			Screening of seven selected Rwandan medicinal plants for antimicrobial and antiviral activities	Sindambiwe JB. et. al.	J Ethnopharmacol. 1999 Apr;65(1):71-7	10350370
	Hypericum reolutum	Hypericaceae	DNA	Class I	Herpesviridae	HSV		Ethanol extract			Screening of seven selected Rwandan medicinal plants for antimicrobial and antiviral activities	Sindambiwe JB. et. al.	J Ethnopharmacol. 1999 Apr;65(1):71-7	10350370
	Hibiscus fuscus	Malaceae	DNA	Class I	Herpesviridae	HSV		Ethanol extract			Screening of seven selected Rwandan medicinal plants for antimicrobial and antiviral activities	Sindambiwe JB. et. al.	J Ethnopharmacol. 1999 Apr;65(1):71-7	10350370
	Entada abyssinica	Mimosaceae	DNA	Class I	Herpesviridae	HSV		Ethanol extract			Screening of seven selected Rwandan medicinal plants for antimicrobial and antiviral activities	Sindambiwe JB. et. al.	J Ethnopharmacol. 1999 Apr;65(1):71-7	10350370
	Sesamum angolense	Pedaliaceae	RNA	Class IV	Picornaviridae	Cox		Ethanol extract			Screening of seven selected Rwandan medicinal plants for antimicrobial and antiviral activities	Sindambiwe JB. et. al.	J Ethnopharmacol. 1999 Apr;65(1):71-7	10350370
	Phytolacca dodecandra	Phytolaccaceae	RNA	Class IV	Picornaviridae	Cox		Ethanol extract			Screening of seven selected Rwandan medicinal plants for antimicrobial and antiviral activities	Sindambiwe JB. et. al.	J Ethnopharmacol. 1999 Apr;65(1):71-7	10350370
	Paetta ternifolia	Rubiaceae	DNA	Class I	Herpesviridae	HSV		Ethanol extract			Screening of seven selected Rwandan medicinal plants for antimicrobial and antiviral activities	Sindambiwe JB. et. al.	J Ethnopharmacol. 1999 Apr;65(1):71-7	10350370
	Pentas longiflora	Rubiaceae	RNA	Class IV	Picornaviridae	Cox		Ethanol extract			Screening of seven selected Rwandan medicinal plants for antimicrobial and antiviral activities	Sindambiwe JB. et. al.	J Ethnopharmacol. 1999 Apr;65(1):71-7	10350370
	Virectaria major	Rubiaceae	DNA	Class I	Herpesviridae	HSV		Ethanol extract			Screening of seven selected Rwandan medicinal plants for antimicrobial and antiviral activities	Sindambiwe JB. et. al.	J Ethnopharmacol. 1999 Apr;65(1):71-7	10350370
	Triumfetta rhomboidea	Tiliaceae	DNA	Class I	Herpesviridae	HSV		Ethanol extract			Screening of seven selected Rwandan medicinal plants for antimicrobial and antiviral activities	Sindambiwe JB. et. al.	J Ethnopharmacol. 1999 Apr;65(1):71-7	10350370
	Crysophyllum albidum	Sapotaceae			Picornaviridae	Poliovirus		Crude methanol extract			Anti-poliovirus activity of medicinal plants selected from the Nigerian ethno-medicine	Ogbole OO. et. al.	African Journal of Biotechnology. 2013 May;12(24):3876-3883	
	Parquetina nigresence	Periplocaceae			Picornaviridae	Poliovirus		Crude methanol extract			Anti-poliovirus activity of medicinal plants selected from the Nigerian ethno-medicine	Ogbole OO. et. al.	African Journal of Biotechnology. 2013 May;12(24):3876-3883	
	Poga oleosa	Rhizophoraceae			Picornaviridae	Poliovirus		Crude methanol extract			Anti-poliovirus activity of medicinal plants selected from the Nigerian ethno-medicine	Ogbole OO. et. al.	African Journal of Biotechnology. 2013 May;12(24):3876-3883	
	Sida acuta	Malvaceae			Picornaviridae	Poliovirus		Crude methanol extract			Anti-poliovirus activity of medicinal plants selected from the Nigerian ethno-medicine	Ogbole OO. et. al.	African Journal of Biotechnology. 2013 May;12(24):3876-3883	
	Tetrapleura teraptera	Mimosaceae			Picornaviridae	Poliovirus		Crude methanol extract			Anti-poliovirus activity of medicinal plants selected from the Nigerian ethno-medicine	Ogbole OO. et. al.	African Journal of Biotechnology. 2013 May;12(24):3876-3883	
	Thoningia sanguinea	Balanophoraceae			Picornaviridae	Poliovirus		Crude methanol extract			Anti-poliovirus activity of medicinal plants selected from the Nigerian ethno-medicine	Ogbole OO. et. al.	African Journal of Biotechnology. 2013 May;12(24):3876-3883	
	Uvaria chamae	Annonaceae			Picornaviridae	Poliovirus		Crude methanol extract			Anti-poliovirus activity of medicinal plants selected from the Nigerian ethno-medicine	Ogbole OO. et. al.	African Journal of Biotechnology. 2013 May;12(24):3876-3883	
	Zephyranthes candida	Amaryllidaceae			Picornaviridae	Poliovirus		Crude methanol extract			Anti-poliovirus activity of medicinal plants selected from the Nigerian ethno-medicine	Ogbole OO. et. al.	African Journal of Biotechnology. 2013 May;12(24):3876-3883	
	Pterocaulon sphacelatum	Asteraceae			Picornaviridae	Poliovirus					Screening of Australian medicinal plants for antiviral activity	Semple SJ. et. al.	J Ethnopharmacol. 1998 Mar;60(2):163-72	9582007
	Dianella longifolia var. grandis	Liliaceae			Picornaviridae	Poliovirus					Screening of Australian medicinal plants for antiviral activity	Semple SJ. et. al.	J Ethnopharmacol. 1998 Mar;60(2):163-72	9582007
	Euphorbia australis	Euphorbiaceae	DNA		Herpesviridae	CMV					Screening of Australian medicinal plants for antiviral activity	Semple SJ. et. al.	J Ethnopharmacol. 1998 Mar;60(2):163-72	9582007
	Scaevola spinescens	Goodeniaceae	DNA		Herpesviridae	CMV					Screening of Australian medicinal plants for antiviral activity	Semple SJ. et. al.	J Ethnopharmacol. 1998 Mar;60(2):163-72	9582007
Angiosperm(Phanerogams)	Eremophila latrobei subsp. glabra	Myoporaceae	RNA	Class III	Reoviridae	Rotavirus					Screening of Australian medicinal plants for antiviral activity	Semple SJ. et. al.	J Ethnopharmacol. 1998 Mar;60(2):163-72	9582007
Angiosperm(Phanerogams)	Pittosporum phylliraeoides	Pittosporaceae	RNA	Class III	Reoviridae	Rotavirus					Screening of Australian medicinal plants for antiviral activity	Semple SJ. et. al.	J Ethnopharmacol. 1998 Mar;60(2):163-72	9582007
Angiosperm(Phanerogams)	Pittosporum microcarpa	Pittosporaceae	RNA	Class III	Reoviridae	Rotavirus					Screening of Australian medicinal plants for antiviral activity	Semple SJ. et. al.	J Ethnopharmacol. 1998 Mar;60(2):163-72	9582007
	Bambusa vulgaris	Poaceae				MV		Ethanol extract			Antiviral properties of two Nigerian plants	Ojo OO. et. al.	African Journal of Plant Science Vol. 3 (7), pp. 157-159, July, 2009	
	Aframomum melegueta	Zingiberaceae				MV		Ethanol extract			Antiviral properties of two Nigerian plants	Ojo OO. et. al.	African Journal of Plant Science Vol. 3 (7), pp. 157-159, July, 2009	
	Boswellia ameero	Burseraceae	RNA	Class V	Orthomyxoviridae	Influenza virus		Methanol extract			Phytochemical screening and antiviral activity of some medicinal plants from the island Soqotra	Mothana RA. et. al.	Phytother Res. 2006 Apr;20(4):298-302	16557613
	Boswellia elongata	Burseraceae	RNA	Class V	Orthomyxoviridae	Influenza virus		Methanol extract			Phytochemical screening and antiviral activity of some medicinal plants from the island Soqotra	Mothana RA. et. al.	Phytother Res. 2006 Apr;20(4):298-302	16557613
	Buxus hildebrandtii	Buxaceae	RNA	Class V	Orthomyxoviridae	Influenza virus		Methanol extract			Phytochemical screening and antiviral activity of some medicinal plants from the island Soqotra	Mothana RA. et. al.	Phytother Res. 2006 Apr;20(4):298-302	16557613
	Cissus hamaderohensis	Vitaceae	DNA	Class I	Herpesviridae	HSV		Methanol extract			Phytochemical screening and antiviral activity of some medicinal plants from the island Soqotra	Mothana RA. et. al.	Phytother Res. 2006 Apr;20(4):298-302	16557613
	Cleome socotrana	Cleomaceae	RNA	Class V	Orthomyxoviridae	Influenza virus		Aqueous extract			Phytochemical screening and antiviral activity of some medicinal plants from the island Soqotra	Mothana RA. et. al.	Phytother Res. 2006 Apr;20(4):298-302	16557613
	Dracaena cinnabari	Asparagaceae	DNA	Class I	Herpesviridae	HSV		Methanol extract			Phytochemical screening and antiviral activity of some medicinal plants from the island Soqotra	Mothana RA. et. al.	Phytother Res. 2006 Apr;20(4):298-302	16557613
	Exacum affine	Gentianaceae	DNA	Class I	Herpesviridae	HSV		Methanol extract			Phytochemical screening and antiviral activity of some medicinal plants from the island Soqotra	Mothana RA. et. al.	Phytother Res. 2006 Apr;20(4):298-302	16557613
	Jatropha unicostata	Euphorbiaceae	RNA	Class V	Orthomyxoviridae	Influenza virus		Methanol extract			Phytochemical screening and antiviral activity of some medicinal plants from the island Soqotra	Mothana RA. et. al.	Phytother Res. 2006 Apr;20(4):298-302	16557613
	Kalanchoe farinacea	Crassulaceae	RNA	Class V	Orthomyxoviridae	Influenza virus		Methanol extract			Phytochemical screening and antiviral activity of some medicinal plants from the island Soqotra	Mothana RA. et. al.	Phytother Res. 2006 Apr;20(4):298-302	16557613
	Bergenia ligulata	Saxifragaceae	RNA	Class V	Orthomyxoviridae	Influenza virus		Aqueous extract and Methanol extract			Screening of Nepalese medicinal plants for antiviral activity	Rajbhandari M. et. al.	J Ethnopharmacol. 2001 Mar 3;74(3):251-5	11274826
	Nerium indicum	Apocynaceae	RNA	Class V	Orthomyxoviridae	Influenza virus		Aqueous extract and Methanol extract			Screening of Nepalese medicinal plants for antiviral activity	Rajbhandari M. et. al.	J Ethnopharmacol. 2001 Mar 3;74(3):251-5	11274826
	Holoptelia integrifolia	Ulmaceae	DNA	Class I	Herpesviridae	HSV		Aqueous extract and Methanol extract			Screening of Nepalese medicinal plants for antiviral activity	Rajbhandari M. et. al.	J Ethnopharmacol. 2001 Mar 3;74(3):251-5	11274826
	Novosphingobium indicum	Sphingomonadaceae	DNA	Class I	Herpesviridae	HSV		Aqueous extract and Methanol extract			Screening of Nepalese medicinal plants for antiviral activity	Rajbhandari M. et. al.	J Ethnopharmacol. 2001 Mar 3;74(3):251-5	11274826
	Drymaria diandra	Caryophyilaceae				SINV		Methanol extract			Antiviral activities of Nepalese medicinal plants	Taylor RS. et. al.	J Ethnopharmacol. 1996 Jul 5;52(3):157-63	8771457
	Macaranga pustulata	Euphorbiaceae				SINV		Methanol extract			Antiviral activities of Nepalese medicinal plants	Taylor RS. et. al.	J Ethnopharmacol. 1996 Jul 5;52(3):157-63	8771457
	Hypericum cordifolium	Hypericaeae				SINV		Methanol extract			Antiviral activities of Nepalese medicinal plants	Taylor RS. et. al.	J Ethnopharmacol. 1996 Jul 5;52(3):157-63	8771457
	Hypericum uralum	Hypericaeae				SINV		Methanol extract			Antiviral activities of Nepalese medicinal plants	Taylor RS. et. al.	J Ethnopharmacol. 1996 Jul 5;52(3):157-63	8771457
	Lygodium japonicum	Lygodiaceae				SINV		Methanol extract			Antiviral activities of Nepalese medicinal plants	Taylor RS. et. al.	J Ethnopharmacol. 1996 Jul 5;52(3):157-63	8771457
	Maesa macrophylla	Myrsinaceae				SINV		Methanol extract			Antiviral activities of Nepalese medicinal plants	Taylor RS. et. al.	J Ethnopharmacol. 1996 Jul 5;52(3):157-63	8771457
	Sibbaldia micropetala	Rosaceae			Picornaviridae	Poliovirus		Methanol extract			Antiviral activities of Nepalese medicinal plants	Taylor RS. et. al.	J Ethnopharmacol. 1996 Jul 5;52(3):157-63	8771457
	Centipeda minima	Asteraceae				SINV		Methanol extract			Antiviral activities of Nepalese medicinal plants	Taylor RS. et. al.	J Ethnopharmacol. 1996 Jul 5;52(3):157-63	8771457
	Elephantopus scaber	Asteraceae				SINV		Methanol extract			Antiviral activities of Nepalese medicinal plants	Taylor RS. et. al.	J Ethnopharmacol. 1996 Jul 5;52(3):157-63	8771457
	Corallodiscus lanaginosus	Gesneriaceae	DNA	Class I	Herpesviridae	HSV		Methanol extract			Antiviral activities of Nepalese medicinal plants	Taylor RS. et. al.	J Ethnopharmacol. 1996 Jul 5;52(3):157-63	8771457
	Didymocarpus primulifolius	Gesneriaceae				SINV		Methanol extract			Antiviral activities of Nepalese medicinal plants	Taylor RS. et. al.	J Ethnopharmacol. 1996 Jul 5;52(3):157-63	8771457
	Elsholtzia blanda	Lamiaceae				SINV		Methanol extract			Antiviral activities of Nepalese medicinal plants	Taylor RS. et. al.	J Ethnopharmacol. 1996 Jul 5;52(3):157-63	8771457
	Pogostemon benghalensis	Lamiaceae				SINV		Methanol extract			Antiviral activities of Nepalese medicinal plants	Taylor RS. et. al.	J Ethnopharmacol. 1996 Jul 5;52(3):157-63	8771457
	Anemone obtusiloba	Ranunculaceae				SINV		Methanol extract			Antiviral activities of Nepalese medicinal plants	Taylor RS. et. al.	J Ethnopharmacol. 1996 Jul 5;52(3):157-63	8771457
	Princepia utilis	Rosaceae			Picornaviridae	Poliovirus		Methanol extract			Antiviral activities of Nepalese medicinal plants	Taylor RS. et. al.	J Ethnopharmacol. 1996 Jul 5;52(3):157-63	8771457
	Valeriana jatamansii	Valerianaceae			Picornaviridae	Poliovirus		Methanol extract			Antiviral activities of Nepalese medicinal plants	Taylor RS. et. al.	J Ethnopharmacol. 1996 Jul 5;52(3):157-63	8771457
	Asparagus racemosus	Liliaceae	RNA	Class V	Orthomyxoviridae	Influenza virus		Methanol extract			Screening of Nepalese medicinal plants for antiviral activity	Rajbhandari M. et. al.	J Ethnopharmacol. 2001 Mar 3;74(3):251-5	11274826
	Bombax cieba	Bombaceae	DNA	Class I	Herpesviridae	HSV		Aqueous and Methanol extract			Screening of Nepalese medicinal plants for antiviral activity	Rajbhandari M. et. al.	J Ethnopharmacol. 2001 Mar 3;74(3):251-5	11274826
	Carea arborea	Lecythidaceae	DNA	Class I	Herpesviridae	HSV		Methanol extract			Screening of Nepalese medicinal plants for antiviral activity	Rajbhandari M. et. al.	J Ethnopharmacol. 2001 Mar 3;74(3):251-5	11274826
	Coccinia cordifolia	Cucurbitaceae	DNA	Class I	Herpesviridae	HSV		Methanol extract			Screening of Nepalese medicinal plants for antiviral activity	Rajbhandari M. et. al.	J Ethnopharmacol. 2001 Mar 3;74(3):251-5	11274826
	Dipsacus mytis	Dipsaceaceae	DNA	Class I	Herpesviridae	HSV		Methanolic-aqueous			Screening of Nepalese medicinal plants for antiviral activity	Rajbhandari M. et. al.	J Ethnopharmacol. 2001 Mar 3;74(3):251-5	11274826
	Nyctanthes arbortristis	Oleaceae	RNA	Class V	Orthomyxoviridae	Influenza virus		Methanol extract			Screening of Nepalese medicinal plants for antiviral activity	Rajbhandari M. et. al.	J Ethnopharmacol. 2001 Mar 3;74(3):251-5	11274826
	Rhododendron anthopogon	Ericaceae	DNA	Class I	Herpesviridae	HSV		Aqueous and Methanol extract			Screening of Nepalese medicinal plants for antiviral activity	Rajbhandari M. et. al.	J Ethnopharmacol. 2001 Mar 3;74(3):251-5	11274826
	Salvia coccinia	Labiateae	RNA	Class V	Orthomyxoviridae	Influenza virus		Aqueous and Methanol extract			Screening of Nepalese medicinal plants for antiviral activity	Rajbhandari M. et. al.	J Ethnopharmacol. 2001 Mar 3;74(3):251-5	11274826
	Scindapsus officinalis	Araceae	DNA	Class I	Herpesviridae	HSV		Methanol extract			Screening of Nepalese medicinal plants for antiviral activity	Rajbhandari M. et. al.	J Ethnopharmacol. 2001 Mar 3;74(3):251-5	11274826
	Chironia krebsii	Gentianaeeae	DNA	Class I	Herpesviridae	HSV		Dichloromethane extract			Antiviral activity of African medicinal plants	Beuscher N. et. al.	J Ethnopharmacol. 1994 Apr;42(2):101-9	8072303
	Jasminum fluminense	Oleaceae	DNA	Class I	Herpesviridae	HSV		Ethanol and Methanol extract			Antiviral activity of African medicinal plants	Beuscher N. et. al.	J Ethnopharmacol. 1994 Apr;42(2):101-9	8072303
	Mitragyna inermis	Rubiaceae	DNA	Class I	Herpesviridae	HSV		Dichloromethane extract and Methanol extract			Antiviral activity of African medicinal plants	Beuscher N. et. al.	J Ethnopharmacol. 1994 Apr;42(2):101-9	8072303
	Polygala virgata	Polygalaceae	DNA	Class I	Herpesviridae	HSV					Antiviral activity of African medicinal plants	Beuscher N. et. al.	J Ethnopharmacol. 1994 Apr;42(2):101-9	8072303
	Securidaca longepedunculata	Polygalaceae	DNA	Class I	Herpesviridae	HSV		Ethanol extract and Methanol extract			Antiviral activity of African medicinal plants	Beuscher N. et. al.	J Ethnopharmacol. 1994 Apr;42(2):101-9	8072303
	Badula insularis	Myrsinaceae				Rhinovirus		Dichloromethane extract			Antiviral activity of African medicinal plants	Beuscher N. et. al.	J Ethnopharmacol. 1994 Apr;42(2):101-9	8072303
	Crassula swaziensis	Crassulaceae				Rhinovirus		Dichloromethane extract and Methanol extract			Antiviral activity of African medicinal plants	Beuscher N. et. al.	J Ethnopharmacol. 1994 Apr;42(2):101-9	8072303
	Heteromorpha trifolmta	Umbelliferae				Rhinovirus		Dichloromethane extract			Antiviral activity of African medicinal plants	Beuscher N. et. al.	J Ethnopharmacol. 1994 Apr;42(2):101-9	8072303
	Holarrhena pubescens	Apocynaceae				Rhinovirus		Dichloromethane extract			Antiviral activity of African medicinal plants	Beuscher N. et. al.	J Ethnopharmacol. 1994 Apr;42(2):101-9	8072303
	Labourdonnaisia glauca	Sapotaceae				Rhinovirus		Ethanol extract			Antiviral activity of African medicinal plants	Beuscher N. et. al.	J Ethnopharmacol. 1994 Apr;42(2):101-9	8072303
	Myonima violacea	Rubiaceae	DNA	Class I	Herpesviridae	HSV		Dichloromethane extract			Antiviral activity of African medicinal plants	Beuscher N. et. al.	J Ethnopharmacol. 1994 Apr;42(2):101-9	8072303
	Pterocarpus angolensis	Leguminosae	DNA	Class I	Herpesviridae	HSV		Ethanol extract			Antiviral activity of African medicinal plants	Beuscher N. et. al.	J Ethnopharmacol. 1994 Apr;42(2):101-9	8072303
	Steganotaenia araliacea	Umbelliferae				Rhinovirus		Ethanol extract			Antiviral activity of African medicinal plants	Beuscher N. et. al.	J Ethnopharmacol. 1994 Apr;42(2):101-9	8072303
	Xanthocercis zambesiaca	Leguminosae				Rhinovirus		Methanol extract			Antiviral activity of African medicinal plants	Beuscher N. et. al.	J Ethnopharmacol. 1994 Apr;42(2):101-9	8072303
	Labourdonnaisia glauca	Sapotaceae			Picornaviridae	Poliovirus		Dichloromethane extract			Antiviral activity of African medicinal plants	Beuscher N. et. al.	J Ethnopharmacol. 1994 Apr;42(2):101-9	8072303
	Polygala stenopetala	Polygalaceae			Picornaviridae	Poliovirus		Dichloromethane extract and Ethanol extract			Antiviral activity of African medicinal plants	Beuscher N. et. al.	J Ethnopharmacol. 1994 Apr;42(2):101-9	8072303
	Sideroxylon puberulum	Sapotaceae			Picornaviridae	Poliovirus		Dichloromethane extract			Antiviral activity of African medicinal plants	Beuscher N. et. al.	J Ethnopharmacol. 1994 Apr;42(2):101-9	8072303
	Zanha africana	Sapindaceae			Picornaviridae	Poliovirus		Dichloromethane extract			Antiviral activity of African medicinal plants	Beuscher N. et. al.	J Ethnopharmacol. 1994 Apr;42(2):101-9	8072303
	Cassia socotrana	Fabaceae	RNA	Class V	Orthomyxoviridae	Influenza virus		Aqueous extract			Phytochemical screening and antiviral activity of some medicinal plants from the island Soqotra	Mothana RA. et. al.	Phytother Res. 2006 Apr;20(4):298-302	16557613
	Cissus subaphylla	Vitaceae	DNA	Class I	Herpesviridae	HSV		Methanol extract			Phytochemical screening and antiviral activity of some medicinal plants from the island Soqotra	Mothana RA. et. al.	Phytother Res. 2006 Apr;20(4):298-302	16557613
	Commiphora parvifolia	Burseraceae	DNA	Class I	Herpesviridae	HSV		Methanol extract			Phytochemical screening and antiviral activity of some medicinal plants from the island Soqotra	Mothana RA. et. al.	Phytother Res. 2006 Apr;20(4):298-302	16557613
	Dendrosicyos socotrana	Cucurbitaceae	RNA	Class V	Orthomyxoviridae	Influenza virus		Aqueous extract and Methanol extract			Phytochemical screening and antiviral activity of some medicinal plants from the island Soqotra	Mothana RA. et. al.	Phytother Res. 2006 Apr;20(4):298-302	16557613
	Dorstenia socotrana	Moraceae	DNA	Class I	Herpesviridae	HSV		Aqueous extract			Phytochemical screening and antiviral activity of some medicinal plants from the island Soqotra	Mothana RA. et. al.	Phytother Res. 2006 Apr;20(4):298-302	16557613
	Euryops arabicus	Asteraceae	DNA	Class I	Herpesviridae	HSV		Methanol extract			Phytochemical screening and antiviral activity of some medicinal plants from the island Soqotra	Mothana RA. et. al.	Phytother Res. 2006 Apr;20(4):298-302	16557613
	Fagonia luntii	Zygophyllaceae	RNA	Class V	Orthomyxoviridae	Influenza virus		Aqueous extract and Methanol extract			Phytochemical screening and antiviral activity of some medicinal plants from the island Soqotra	Mothana RA. et. al.	Phytother Res. 2006 Apr;20(4):298-302	16557613
	Gnidia socotrana	Thymelaeaceae	RNA	Class V	Orthomyxoviridae	Influenza virus		Aqueous extract			Phytochemical screening and antiviral activity of some medicinal plants from the island Soqotra	Mothana RA. et. al.	Phytother Res. 2006 Apr;20(4):298-302	16557613
	Pulicaria stephanocarpa	Asteraceae	DNA	Class I	Herpesviridae	HSV		Aqueous extract			Phytochemical screening and antiviral activity of some medicinal plants from the island Soqotra	Mothana RA. et. al.	Phytother Res. 2006 Apr;20(4):298-302	16557613
	Punica protopunica	Lythraceae	RNA	Class V	Orthomyxoviridae	Influenza virus		Aqueous extract			Phytochemical screening and antiviral activity of some medicinal plants from the island Soqotra	Mothana RA. et. al.	Phytother Res. 2006 Apr;20(4):298-302	16557613
	Trichocalyx obovatus	Acanthaceae	RNA	Class V	Orthomyxoviridae	Influenza virus		Methanol extract			Phytochemical screening and antiviral activity of some medicinal plants from the island Soqotra	Mothana RA. et. al.	Phytother Res. 2006 Apr;20(4):298-302	16557613
	Withania adunensis	Solanaceae	RNA	Class V	Orthomyxoviridae	Influenza virus		Methanol extract			Phytochemical screening and antiviral activity of some medicinal plants from the island Soqotra	Mothana RA. et. al.	Phytother Res. 2006 Apr;20(4):298-302	16557613
	Withania riebeckii	Solanaceae	DNA	Class I	Herpesviridae	HSV		Methanol extract			Phytochemical screening and antiviral activity of some medicinal plants from the island Soqotra	Mothana RA. et. al.	Phytother Res. 2006 Apr;20(4):298-302	16557613
	Zygophyllum quatarense	Zygophyllaceae	DNA	Class I	Herpesviridae	HSV		Methanol extract			Phytochemical screening and antiviral activity of some medicinal plants from the island Soqotra	Mothana RA. et. al.	Phytother Res. 2006 Apr;20(4):298-302	16557613
	Citrus hystrix	Rutaceae	DNA	Class I	Herpesviridae	HSV		Methanol extract			In vitro antiviral activity of thirty-six plants from La Reunion Island	Fortin H. et. al.	Fitoterapia. 2002 Jul;73(4):346-50	12234582
	Erythroxylum laurifolium	Erythroxylaceae	DNA	Class I	Herpesviridae	HSV		Methanol extract			In vitro antiviral activity of thirty-six plants from La Reunion Island	Fortin H. et. al.	Fitoterapia. 2002 Jul;73(4):346-50	12234582
	Lomatophyllum macrum	Aloaceae	DNA	Class I	Herpesviridae	HSV		Methanol extract			In vitro antiviral activity of thirty-six plants from La Reunion Island	Fortin H. et. al.	Fitoterapia. 2002 Jul;73(4):346-50	12234582
	Obetia ficifolia	Urticaceae	DNA	Class I	Herpesviridae	HSV		Methanol extract			In vitro antiviral activity of thirty-six plants from La Reunion Island	Fortin H. et. al.	Fitoterapia. 2002 Jul;73(4):346-50	12234582
	Olax psittacorum	Oleaceae			Picornaviridae	Poliovirus		Methanol extract			In vitro antiviral activity of thirty-six plants from La Reunion Island	Fortin H. et. al.	Fitoterapia. 2002 Jul;73(4):346-50	12234582
	Pachypodium geayi	Apocynaceae			Picornaviridae	Poliovirus		Methanol extract			In vitro antiviral activity of thirty-six plants from La Reunion Island	Fortin H. et. al.	Fitoterapia. 2002 Jul;73(4):346-50	12234582
	Psiadia dentata	Asteraceae			Picornaviridae	Poliovirus		Methanol extract			In vitro antiviral activity of thirty-six plants from La Reunion Island	Fortin H. et. al.	Fitoterapia. 2002 Jul;73(4):346-50	12234582
	Psiadia retusa	Asteraceae			Picornaviridae	Poliovirus		Methanol extract			In vitro antiviral activity of thirty-six plants from La Reunion Island	Fortin H. et. al.	Fitoterapia. 2002 Jul;73(4):346-50	12234582
	Senecio ambailla	Asteraceae			Picornaviridae	Poliovirus		Methanol extract			In vitro antiviral activity of thirty-six plants from La Reunion Island	Fortin H. et. al.	Fitoterapia. 2002 Jul;73(4):346-50	12234582
	Araucaria angustifolia	Araucariaceae	DNA	Class I	Herpesviridae	HSV		Ethyl acetate extract			Antiviral evaluation of plants from Brazilian Atlantic Tropical Forest	Andrighetti-Fröhner CR. et. al.	Fitoterapia. 2005 Jun;76(3-4):374-8	15890472
	Bromelia antiacantha	Bromeliaceae	DNA	Class I	Herpesviridae	HSV		Ethyl acetate extract			Antiviral evaluation of plants from Brazilian Atlantic Tropical Forest	Andrighetti-Fröhner CR. et. al.	Fitoterapia. 2005 Jun;76(3-4):374-8	15890472
	Cuphea carthagenensis	Lythraceae	DNA	Class I	Herpesviridae	HSV		n-Butanol extract			Antiviral evaluation of plants from Brazilian Atlantic Tropical Forest	Andrighetti-Fröhner CR. et. al.	Fitoterapia. 2005 Jun;76(3-4):374-8	15890472
	Lippia alba	Verbenaceae			Picornaviridae	Poliovirus		Dichloromethane extract			Antiviral evaluation of plants from Brazilian Atlantic Tropical Forest	Andrighetti-Fröhner CR. et. al.	Fitoterapia. 2005 Jun;76(3-4):374-8	15890472
	Tillandsia usneoides	Bromeliaceae			Picornaviridae	Poliovirus		Dichloromethane extract			Antiviral evaluation of plants from Brazilian Atlantic Tropical Forest	Andrighetti-Fröhner CR. et. al.	Fitoterapia. 2005 Jun;76(3-4):374-8	15890472
	Wilbrandia ebracteata	Cucurbitaceae	DNA	Class I	Herpesviridae	HSV		n-Butanol extract			Antiviral evaluation of plants from Brazilian Atlantic Tropical Forest	Andrighetti-Fröhner CR. et. al.	Fitoterapia. 2005 Jun;76(3-4):374-8	15890472
	Alamanda schottii	Apocynaceae	DNA	Class I	Herpesviridae	HSV		Methanol extract			Evaluation of Antiviral Activity of South American Plant Extracts Against Herpes Simplex Virus Type 1 and Rabies Virus	Müller V. et. al.	Phytother Res. 2007 Oct;21(10):970-4	17604374
	Ilex paraguariensis	Aquifoliaceae	DNA	Class I	Herpesviridae	HSV		Aqueous extract			Evaluation of Antiviral Activity of South American Plant Extracts Against Herpes Simplex Virus Type 1 and Rabies Virus	Müller V. et. al.	Phytother Res. 2007 Oct;21(10):970-4	17604374
	Lafoensia pacari	Lythraceae	DNA	Class I	Herpesviridae	HSV		Methanol extract			Evaluation of Antiviral Activity of South American Plant Extracts Against Herpes Simplex Virus Type 1 and Rabies Virus	Müller V. et. al.	Phytother Res. 2007 Oct;21(10):970-4	17604374
	Passiflora edulis	Passifloraceae				RABV		Aqueous extract			Evaluation of Antiviral Activity of South American Plant Extracts Against Herpes Simplex Virus Type 1 and Rabies Virus	Müller V. et. al.	Phytother Res. 2007 Oct;21(10):970-4	17604374
	Rubus imperialis	Rosaceae	DNA	Class I	Herpesviridae	HSV		Methanol extract			Evaluation of Antiviral Activity of South American Plant Extracts Against Herpes Simplex Virus Type 1 and Rabies Virus	Müller V. et. al.	Phytother Res. 2007 Oct;21(10):970-4	17604374
	Sloanea guianensis	Elaeocarpaceae				RABV		Methanol extract			Evaluation of Antiviral Activity of South American Plant Extracts Against Herpes Simplex Virus Type 1 and Rabies Virus	Müller V. et. al.	Phytother Res. 2007 Oct;21(10):970-4	17604374
	Eucalyptus camaldulensis	Myrtaceae			Picornaviridae	Poliovirus		Methanol extract			The antiviral activity of leaves of Eucalyptus camaldulensis (Dehn) and Eucalyptus torelliana (R. Muell)	Adeniyi BA. et. al.	Pak J Pharm Sci. 2015 Sep;28(5):1773-6	26408896
	Eucalyptus torelliana	Myrtaceae			Picornaviridae	Poliovirus		Methanol extract			The antiviral activity of leaves of Eucalyptus camaldulensis (Dehn) and Eucalyptus torelliana (R. Muell)	Adeniyi BA. et. al.	Pak J Pharm Sci. 2015 Sep;28(5):1773-6	26408896
	Duabanga grandiflora	Lythraceae				PRV		Ethanol extract			Antiviral and virucidal activities of Duabanga grandiflora leaf extract against Pseudorabies virus in vitro	Malik FZ. et. al.	BMC Complement Altern Med. 2016; 16: 139	27216794
	Datura metel Linn.	Solanaceae				RABV		Aqueous extract and Methanol extract			Evaluation of In vitro Antiviral Activity of Datura metel Linn. Against Rabies Virus	Roy S. et. al.	Pharmacognosy Res. 2016 Oct-Dec;8(4):265-269	27695266
	Aloe arborescens Mill.	Xanthorrhoeaceae	RNA	Class V	Orthomyxoviridae	Influenza virus				Bioaron C(®)	Antiviral activity of an aqueous extract derived from Aloe arborescens Mill. against a broad panel of viruses causing infections of the upper respiratory tract	Glatthaar-Saalmüller B. et. al.	Phytomedicine. 2015 Sep 15;22(10):911-20	26321740
	Isatis indigotica	Cruciferae				PRV				Indirubin	The cytotoxicity to leukemia cells and antiviral effects of Isatis indigotica extracts on pseudorabies virus	Hsuan SL. et. al.	J Ethnopharmacol. 2009 May 4;123(1):61-7	19429341
	Verbascum thapsus	Scrophulariaceae				PRV		Methanol extract			Antiviral effect and mode of action of methanolic extract of Verbascum thapsus L. on pseudorabies virus (strain RC/79)	Escobar FM. et. al.	Nat Prod Res. 2012;26(17):1621-5	21999656
	Melia azedarach	Meliaceae				PRV					Inhibition of the pseudorabies virus (Suis herpesvirus 1) by an antiviral agent isolated from the leaves of Melia azedarach	Descalzo AM. et. al.	Rev Argent Microbiol. 1989 Jul-Dec;21(3-4):133-40	2562074
	Eupatorium perfoliatum L.	Asteraceae	RNA	Class V	Orthomyxoviridae	Influenza virus		Hydroalcoholic extract			Antiviral activity of hydroalcoholic extract from Eupatorium perfoliatum L. against the attachment of influenza A virus	Derksen A. et. al.	J Ethnopharmacol. 2016 Jul 21;188:144-52	27178637
	Eleutherococcus senticosus	Araliaceae				Retrovirus					Antiviral activity of an extract derived from roots of Eleutherococcus senticosus	Glatthaar-Saalmüller B. et. al.	Antiviral Res. 2001 Jun;50(3):223-8	11397509
	Kumazasa	Poaceae				PRV			Polysaccharides		Anti pseudorabies virus activity of kumazasa extract	Iwata K. et. al.	Biocontrol Sci. 2010 Dec;15(4):123-8	21212504
	Glycyrrhiza glabra	Fabaceae				PRV				Diammonium glycyrrhizin	Antiviral effect of diammonium glycyrrhizinate and lithium chloride on cell infection by pseudorabies herpesvirus	Sui X. et. al.	Antiviral Res. 2010 Feb;85(2):346-53	19879899
	Melia azedarach	Meliaceae	DNA	Class I	Herpesviridae	HSV				Meliacine/ 28-deacetylsendanin	An antiviral principle present in a purified fraction from Melia azedarach L. leaf aqueous extract restrains herpes simplex virus type 1 propagation	Alche LE. et. al.	Phytother Res. 2002 Jun;16(4):348-52	12112291
	Rumex acetosa	Polygonaceae	RNA	Class V	Orthomyxoviridae	Influenza virus				3-O-galloylated procyanidins	3-O-galloylated procyanidins from Rumex acetosa L. inhibit the attachment of influenza A virus	Derksen A. et. al.	PLoS One. 2014 Oct 10;9(10):e110089	25303676
	Salvia plebeia	Lamiaceae	RNA	Class V	Orthomyxoviridae	Influenza virus		Methanol extract		Benzoylated monoterpene glycosides- Plebeiosides A, B	Antiviral activities of compounds from aerial parts of Salvia plebeia R. Br	Bang S. et. al.	J Ethnopharmacol. 2016 Nov 4;192:398-405	27647011
	Peganum harmala	Nitrariaceae	RNA	Class V	Orthomyxoviridae	Influenza virus		Ethyl alcohol extract	Alkaloid		In vitro antiviral effects of Peganum harmala seed extract and its total alkaloids against Influenza virus	Moradi MT. et. al.	Microb Pathog. 2017 Sep;110:42-49	28629724
	Opuntia streptacantha	Cactaceae	DNA	Class I	Herpesviridae	HSV					Antiviral properties of extract of Opuntia streptacantha	Ahmad A. et. al.	Antiviral Res. 1996 May;30(2-3):75-85	8783800
	Rhododendron ferrugineum	Ericaceae	DNA	Class I	Herpesviridae	HSV		Aqueous extract			Inhibition of viral adsorption and penetration by an aqueous extract from Rhododendron ferrugineum L. as antiviral principle against herpes simplex virus type-1	Gescher K. et. al.	Fitoterapia. 2011 Apr;82(3):408-13	21129454
	Rumex acetosa	Polygonaceae	DNA	Class I	Herpesviridae	HSV		Acetone water extract			Oligomeric proanthocyanidins from Rumex acetosa L. inhibit the attachment of herpes simplex virus type-1	Gescher K. et. al.	Antiviral Res. 2011 Jan;89(1):9-18	21070811
	Ilex asprella	Aquifoliaceae	RNA	Class V	Orthomyxoviridae	Influenza virus				Triterpenoid saponin- Asprellcoside A	Bioactive glycosides from the roots of Ilex asprella	Peng MH. et. al.	Pharm Biol. 2016 Oct;54(10):2127-34	26957139
	Alchemilla mollis	Rosaceae	RNA	Class V	Orthomyxoviridae	Influenza virus					Anti-influenza activity of Alchemilla mollis extract: possible virucidal activity against influenza virus particles.	Makau JN. et. al.	Drug Discov Ther. 2013 Oct;7(5):189-95	24270383
	Punica granatum	Punicoideae	RNA	Class V	Orthomyxoviridae	Influenza virus				Ellagic acid, caffeic acid, luteolin, and punicalagin	Pomegranate (Punica granatum) purified polyphenol extract inhibits influenza virus and has a synergistic effect with oseltamivir	Haidari M. et. al.	Phytomedicine. 2009 Dec;16(12):1127-36	19586764
	Lactuca sativa var.	Asteraceae	DNA		Herpesviridae	CMV		Butanol extract, Ethyl acetate extract and Methanol extract	Phenolic compounds like flavonoids and tannins		Antioxidant, antibacterial, and antiviral effects of Lactuca sativa extracts	Edziri. et. al.	Industrial Crops and ProductsVolume 34, Issue 1, July 2011, Pages 1182-1185	
	Egyptian propolis	Honey Bee Secretion				IBDV		Ethanol extract		Caffeic acid	ANTIVIRAL ACTIVITY AND CHEMICAL COMPOSITION OF EUROPEAN AND EGYPTIAN PROPOLIS	Farghaly Ahlam A. et. al.	Proceedings of the 37th International Apicultural Congress	
	Glyptopetalum sclerocarpum	Celastraceae	DNA	Class I	Herpesviridae	HSV				Sclerocarpic acid- sesquiterpene	A new antiviral and antimicrobial sesquiterpene from Glyptopetalum sclerocarpum	Sotanaphun U. et. al.	Planta Med. 1999 Apr;65(3):257-8	10232073
	Sambucus nigra	Adoxaceae	RNA	Class V	Orthomyxoviridae	Influenza virus					Inhibition of several strains of influenza virus in vitro and reduction of symptoms by an elderberry extract (Sambucus nigra L.) during an outbreak of influenza B Panama	Zakay-Rones Z. et. al.	J Altern Complement Med. 1995 Winter;1(4):361-9	9395631
	Sambucus nigra	Adoxaceae	RNA	Class V	Orthomyxoviridae	Influenza virus					Inhibition of several strains of influenza virus in vitro and reduction of symptoms by an elderberry extract (Sambucus nigra L.) during an outbreak of influenza B Panama	Zakay-Rones Z. et. al.	J Altern Complement Med. 1995 Winter;1(4):361-9	9395631
	Sambucus nigra	Adoxaceae	RNA	Class V	Orthomyxoviridae	Influenza virus					Inhibition of several strains of influenza virus in vitro and reduction of symptoms by an elderberry extract (Sambucus nigra L.) during an outbreak of influenza B Panama	Zakay-Rones Z. et. al.	J Altern Complement Med. 1995 Winter;1(4):361-9	9395631
Angiosperm(Phanerogams)	Oenanthe javanica	Apiaceae	DNA	Class VII	Hepadnaviridae	HBV (Hepatitis B Virus)			Phenolics		In vivo and in vitro anti-hepatitis B virus activity of total phenolics from Oenanthe javanica	Han YQ. et. al.	J Ethnopharmacol. 2008 Jun 19;118(1):148-53	18495393
Angiosperm(Phanerogams)	Salvia miltiorrhiza	Lamiaceae	DNA	Class VII	Hepadnaviridae	HBV (Hepatitis B Virus)				Protocatechuic aldehyde	Protocatechuic aldehyde inhibits hepatitis B virus replication both in vitro and in vivo	Zhou Z. et. al.	Antiviral Res. 2007 Apr;74(1	17298850
	Agaricus brasiliensis	Agaricaceae	DNA	Class I	Herpesviridae	HSV		Aqueous extract and Ethanol extract	Polysaccharide		Antiviral activity of aqueous and ethanol extracts and of an isolated polysaccharide from Agaricus brasiliensis against poliovirus type 1/ Antiherpetic activity of a sulfated polysaccharide from Agaricus brasiliensis mycelia	Faccin LC. et. al.	Lett Appl Microbiol. 2007 Jul;45(1):24-8/ Antiviral Res. 2011 Oct;92(1):108-14	17594456/ 21787804
	Trichilia catigua	Meliaceae	DNA	Class I	Herpesviridae	HSV					Antiviral Activity of Trichilia catigua Bark Extracts for Herpesvirus and Poliovirus	Espada SF. et. al.	Curr Pharm Biotechnol. 2015;16(8):724-32	25941883
	Agaricus brasiliensis	Agaricaceae	DNA	Class I	Herpesviridae	HSV		Aqueous extract and Ethanol extract	Polysaccharide		Antiviral activity of aqueous and ethanol extracts and of an isolated polysaccharide from Agaricus brasiliensis against poliovirus type 1	Faccin LC. et. al.	Lett Appl Microbiol. 2007 Jul;45(1):24-8	17594456
	Trichilia catigua	Meliaceae				BHV					Antiviral Activity of Trichilia catigua Bark Extracts for Herpesvirus and Poliovirus	Espada SF. et. al.	Curr Pharm Biotechnol. 2015;16(8):724-32	25941883
Angiosperm(Phanerogams)	Nepeta nepetella	Lamiaceae	RNA	Class V	Rhabdoviridae	VSV (Vesicular Stomatitis Virus)		Aqueous extract			Search for antiviral activity in higher plant extracts	Abad MJ. et. al.	Phytother Res. 2000 Dec;14(8):604-7	11113996
Angiosperm(Phanerogams)	Nepeta coerulea	Lamiaceae	RNA	Class V	Rhabdoviridae	VSV (Vesicular Stomatitis Virus)		Aqueous extract			Search for antiviral activity in higher plant extracts	Abad MJ. et. al.	Phytother Res. 2000 Dec;14(8):604-7	11113996
Angiosperm(Phanerogams)	Nepeta tuberosa	Lamiaceae	RNA	Class V	Rhabdoviridae	VSV (Vesicular Stomatitis Virus)		Aqueous extract			Search for antiviral activity in higher plant extracts	Abad MJ. et. al.	Phytother Res. 2000 Dec;14(8):604-7	11113996
Angiosperm(Phanerogams)	Dittrichia viscosa	Asteraceae	RNA	Class V	Rhabdoviridae	VSV (Vesicular Stomatitis Virus)		Aqueous extract			Search for antiviral activity in higher plant extracts	Abad MJ. et. al.	Phytother Res. 2000 Dec;14(8):604-7	11113996
Angiosperm(Phanerogams)	Sanguisorba minor magnolii	Rosaceae	RNA	Class V	Rhabdoviridae	VSV (Vesicular Stomatitis Virus)		Aqueous extract			Search for antiviral activity in higher plant extracts	Abad MJ. et. al.	Phytother Res. 2000 Dec;14(8):604-7	11113996
	Nepeta nepetella	lamiaceae	RNA		Picornaviridae	Poliovirus		Aqueous extract			Search for antiviral activity in higher plant extracts	Abad MJ. et. al.	Phytother Res. 2000 Dec;14(8):604-7	11113996
	Nepeta coerulea	lamiaceae	RNA		Picornaviridae	Poliovirus		Aqueous extract			Search for antiviral activity in higher plant extracts	Abad MJ. et. al.	Phytother Res. 2000 Dec;14(8):604-7	11113996
	Nepeta tuberosa	lamiaceae	RNA		Picornaviridae	Poliovirus		Aqueous extract			Search for antiviral activity in higher plant extracts	Abad MJ. et. al.	Phytother Res. 2000 Dec;14(8):604-7	11113996
	Dittrichia viscosa	lamiaceae	RNA		Picornaviridae	Poliovirus		Aqueous extract			Search for antiviral activity in higher plant extracts	Abad MJ. et. al.	Phytother Res. 2000 Dec;14(8):604-7	11113996
	Sanguisorba minor magnolii	lamiaceae	RNA		Picornaviridae	Poliovirus		Aqueous extract			Search for antiviral activity in higher plant extracts	Abad MJ. et. al.	Phytother Res. 2000 Dec;14(8):604-7	11113996
Angiosperm(Phanerogams)	Phyllanthus amarus	Phyllanthaceae	RNA	Class VI	Retroviridae	HIV		Alcohol extract, Aqueous extract and Methanol extract			Inhibition of hepatitis C virus replication by herbal extract: Phyllanthus amarus as potent natural source	Ravikumar YS. et. al.	Virus Res. 2011 Jun;158(1-2):89-97	21440018
	Lentinula edodes	Marasmiaceae				BHV		Aqueous extract and Methanol extract			Polysaccharide and extracts from Lentinula edodes: structural features and antiviral activity	Rincao VP. et. al.	Virol J. 2012 Feb 15;9:37	22336004
Angiosperm(Phanerogams)	Satureja boliviana	Lamiaceae	RNA	Class V	Rhabdoviridae	VSV (Vesicular Stomatitis Virus)		Aqueous extract			Antiviral activity of Bolivian plant extracts	Abad MJ. et. al.	Gen Pharmacol. 1999 Apr;32(4):499-503	10323492
Angiosperm(Phanerogams)	Baccharis genistelloides	Asteraceae	RNA	Class V	Rhabdoviridae	VSV (Vesicular Stomatitis Virus)		Aqueous extract			Antiviral activity of Bolivian plant extracts	Abad MJ. et. al.	Gen Pharmacol. 1999 Apr;32(4):499-503	10323492
Angiosperm(Phanerogams)	Trichilia glabra	Meliaceae	RNA	Class V	Rhabdoviridae	VSV (Vesicular Stomatitis Virus)		Chloroform extract and Methanol extract			Virucidal activity presence in Trichilia glabra leaves	Cella M. et. al.	Rev Argent Microbiol. 2004 Jul-Sep;36(3):136-8	15559196
	Caesalpinia ferrea	Fabaceae	RNA		Picornaviridae	Poliovirus				Sulfated polysaccharide	Sulfated polysaccharide of Caesalpinia ferrea inhibits herpes simplex virus and poliovirus	Lopes N. et. al.	Int J Biol Macromol. 2013 Sep;60:93-9	23707733
	Trichilia glabra	Meliaceae	RNA		Picornaviridae	Poliovirus		Chloroform extract and Methanol extract			Virucidal activity presence in Trichilia glabra leaves	Cella M. et. al.	Rev Argent Microbiol. 2004 Jul-Sep;36(3):136-8	15559196
Angiosperm(Phanerogams)	Eupatorium articulatum	Asteraceae	RNA	Class V	Rhabdoviridae	VSV (Vesicular Stomatitis Virus)		Aqueous extract			Antiviral activity of some South American medicinal plants	Abad MJ. et. al.	Phytother Res. 1999 Mar;13(2):142-6	10190189
Angiosperm(Phanerogams)	Heisteria acuminata	Olecaceae	RNA	Class V	Rhabdoviridae	VSV (Vesicular Stomatitis Virus)		Ethanol extract			Antiviral activity of some South American medicinal plants	Abad MJ. et. al.	Phytother Res. 1999 Mar;13(2):142-6	10190189
	Combretum adenogonium	Combretaceae	DNA	Class I	Herpesviridae	HSV		Aqueous extract and Methanol extract			Screening of some Tanzanian medicinal plants from Bunda district for antibacterial, antifungal and antiviral activities	Maregesi SM. et. al.	J Ethnopharmacol. 2008 Sep 2;119(1):58-66	18582554
Angiosperm(Phanerogams)	Terminalia mollis Laws	Combretaceae	RNA	Class V	Rhabdoviridae	VSV (Vesicular Stomatitis Virus)		Aqueous extract and Methanol extract			Screening of some Tanzanian medicinal plants from Bunda district for antibacterial, antifungal and antiviral activities	Maregesi SM. et. al.	J Ethnopharmacol. 2008 Sep 2;119(1):58-66	18582554
Angiosperms	Terminalia mollis Laws	Combretaceae	RNA	Class IV	Togaviridae	SFV (Semliki Forest Virus)		Aqueous extract and Methanol extract			Screening of some Tanzanian medicinal plants from Bunda district for antibacterial, antifungal and antiviral activities	Maregesi SM. et. al.	J Ethnopharmacol. 2008 Sep 2;119(1):58-66	18582554
Angiosperm(Phanerogams)	Hoslundia opposita,Vahl	Lamiaceae	RNA	Class V	Rhabdoviridae	VSV (Vesicular Stomatitis Virus)		Methanol extract			Screening of some Tanzanian medicinal plants from Bunda district for antibacterial, antifungal and antiviral activities	Maregesi SM. et. al.	J Ethnopharmacol. 2008 Sep 2;119(1):58-66	18582554
Angiosperm(Phanerogams)	Monechma subsessile	Acanthaceae	RNA	Class V	Rhabdoviridae	VSV (Vesicular Stomatitis Virus)		Ethanol extract			Screening of seven selected Rwandan medicinal plants for antimicrobial and antiviral activities	Sindambiwe JB. et. al.	J Ethnopharmacol. 1999 Apr;65(1):71-7	10350370
Angiosperms	Monechma subsessile	Acanthaceae	RNA	Class IV	Togaviridae	SFV (Semliki Forest Virus)		Ethanol extract			Screening of seven selected Rwandan medicinal plants for antimicrobial and antiviral activities	Sindambiwe JB. et. al.	J Ethnopharmacol. 1999 Apr;65(1):71-7	10350370
	Guizotia scabra	Asteraceae	RNA	Class IV	Picornaviridae	Cox		Ethanol extract			Screening of seven selected Rwandan medicinal plants for antimicrobial and antiviral activities	Sindambiwe JB. et. al.	J Ethnopharmacol. 1999 Apr;65(1):71-7	10350370
	Guizotia scabra	Asteraceae	RNA		Picornaviridae	Poliovirus		Ethanol extract			Screening of seven selected Rwandan medicinal plants for antimicrobial and antiviral activities	Sindambiwe JB. et. al.	J Ethnopharmacol. 1999 Apr;65(1):71-7	10350370
Angiosperm(Phanerogams)	Guizotia scabra	Asteraceae	RNA	Class V	Rhabdoviridae	VSV (Vesicular Stomatitis Virus)		Ethanol extract			Screening of seven selected Rwandan medicinal plants for antimicrobial and antiviral activities	Sindambiwe JB. et. al.	J Ethnopharmacol. 1999 Apr;65(1):71-7	10350370
	Spilanthes mauritiana	Asteraceae	RNA	Class IV	Picornaviridae	Cox		Ethanol extract			Screening of seven selected Rwandan medicinal plants for antimicrobial and antiviral activities	Sindambiwe JB. et. al.	J Ethnopharmacol. 1999 Apr;65(1):71-7	10350370
Angiosperm(Phanerogams)	Cassia didymobotrya	Caesalpiniaceae	RNA	Class V	Rhabdoviridae	VSV (Vesicular Stomatitis Virus)		Ethanol extract			Screening of seven selected Rwandan medicinal plants for antimicrobial and antiviral activities	Sindambiwe JB. et. al.	J Ethnopharmacol. 1999 Apr;65(1):71-7	10350370
	Macaranga kilimandscharica	Euphorbiaceae	RNA	Class IV	Picornaviridae	Cox		Ethanol extract			Screening of seven selected Rwandan medicinal plants for antimicrobial and antiviral activities	Sindambiwe JB. et. al.	J Ethnopharmacol. 1999 Apr;65(1):71-7	10350370
	Macaranga kilimandscharica	Euphorbiaceae				MV		Ethanol extract			Screening of seven selected Rwandan medicinal plants for antimicrobial and antiviral activities	Sindambiwe JB. et. al.	J Ethnopharmacol. 1999 Apr;65(1):71-7	10350370
	Eriosema montanum	Fabaceae	RNA	Class IV		Cox		Ethanol extract			Screening of seven selected Rwandan medicinal plants for antimicrobial and antiviral activities	Sindambiwe JB. et. al.	J Ethnopharmacol. 1999 Apr;65(1):71-7	10350370
	Eriosema montanum	Fabaceae				MV		Ethanol extract			Screening of seven selected Rwandan medicinal plants for antimicrobial and antiviral activities	Sindambiwe JB. et. al.	J Ethnopharmacol. 1999 Apr;65(1):71-7	10350370
	Eriosema montanum	Fabaceae	RNA		Picornaviridae	Poliovirus		Ethanol extract			Screening of seven selected Rwandan medicinal plants for antimicrobial and antiviral activities	Sindambiwe JB. et. al.	J Ethnopharmacol. 1999 Apr;65(1):71-7	10350370
Angiosperm(Phanerogams)	Eriosema montanum	Fabaceae	RNA	Class V	Rhabdoviridae	VSV (Vesicular Stomatitis Virus)		Ethanol extract			Screening of seven selected Rwandan medicinal plants for antimicrobial and antiviral activities	Sindambiwe JB. et. al.	J Ethnopharmacol. 1999 Apr;65(1):71-7	10350370
Angiosperms	Eriosema montanum	Fabaceae	RNA	Class IV	Togaviridae	SFV (Semliki Forest Virus)		Ethanol extract			Screening of seven selected Rwandan medicinal plants for antimicrobial and antiviral activities	Sindambiwe JB. et. al.	J Ethnopharmacol. 1999 Apr;65(1):71-7	10350370
	Hypericum reolutum	Hypericaceae	RNA	Class IV	Picornaviridae	Cox		Ethanol extract			Screening of seven selected Rwandan medicinal plants for antimicrobial and antiviral activities	Sindambiwe JB. et. al.	J Ethnopharmacol. 1999 Apr;65(1):71-7	10350370
	Hypericum reolutum	Hypericaceae			Picornaviridae	Poliovirus		Ethanol extract			Screening of seven selected Rwandan medicinal plants for antimicrobial and antiviral activities	Sindambiwe JB. et. al.	J Ethnopharmacol. 1999 Apr;65(1):71-7	10350370
Angiosperms	Hypericum revolutum	Hypericaceae	RNA	Class IV	Togaviridae	SFV (Semliki Forest Virus)		Ethanol extract			Screening of seven selected Rwandan medicinal plants for antimicrobial and antiviral activities	Sindambiwe JB. et. al.	J Ethnopharmacol. 1999 Apr;65(1):71-7	10350370
Angiosperm(Phanerogams)	Hypericum revolutum	Hypericaceae	RNA	Class V	Rhabdoviridae	VSV (Vesicular Stomatitis Virus)		Ethanol extract			Screening of seven selected Rwandan medicinal plants for antimicrobial and antiviral activities	Sindambiwe JB. et. al.	J Ethnopharmacol. 1999 Apr;65(1):71-7	10350370
Angiosperms	Hibiscus fuscus	Malvaceae	RNA	Class IV	Togaviridae	SFV (Semliki Forest Virus)		Ethanol extract			Screening of seven selected Rwandan medicinal plants for antimicrobial and antiviral activities	Sindambiwe JB. et. al.	J Ethnopharmacol. 1999 Apr;65(1):71-7	10350370
	Entada abyssinica	Mimosaceae	RNA	Class IV	Picornaviridae	Cox		Ethanol extract			Screening of seven selected Rwandan medicinal plants for antimicrobial and antiviral activities	Sindambiwe JB. et. al.	J Ethnopharmacol. 1999 Apr;65(1):71-7	10350370
Angiosperm(Phanerogams)	Hibiscus fuscus	Malvaceae	RNA	Class V	Rhabdoviridae	VSV (Vesicular Stomatitis Virus)		Ethanol extract			Screening of seven selected Rwandan medicinal plants for antimicrobial and antiviral activities	Sindambiwe JB. et. al.	J Ethnopharmacol. 1999 Apr;65(1):71-7	10350370
	Entada abyssinica	Mimosaceae	RNA		Picornaviridae	Poliovirus		Ethanol extract			Screening of seven selected Rwandan medicinal plants for antimicrobial and antiviral activities	Sindambiwe JB. et. al.	J Ethnopharmacol. 1999 Apr;65(1):71-7	10350370
Angiosperms	Entada abyssinica	Fabaceae	RNA	Class IV	Togaviridae	SFV (Semliki Forest Virus)		Ethanol extract			Screening of seven selected Rwandan medicinal plants for antimicrobial and antiviral activities	Sindambiwe JB. et. al.	J Ethnopharmacol. 1999 Apr;65(1):71-7	10350370
Angiosperm(Phanerogams)	Entada abyssinica	Fabaceae	RNA	Class V	Rhabdoviridae	VSV (Vesicular Stomatitis Virus)		Ethanol extract			Screening of seven selected Rwandan medicinal plants for antimicrobial and antiviral activities	Sindambiwe JB. et. al.	J Ethnopharmacol. 1999 Apr;65(1):71-7	10350370
	Paetta ternifolia	Rubiaceae	RNA	Class IV	Picornaviridae	Cox		Ethanol extract			Screening of seven selected Rwandan medicinal plants for antimicrobial and antiviral activities	Sindambiwe JB. et. al.	J Ethnopharmacol. 1999 Apr;65(1):71-7	10350370
	Pentas longiflora	Rubiaceae				MV		Ethanol extract			Screening of seven selected Rwandan medicinal plants for antimicrobial and antiviral activities	Sindambiwe JB. et. al.	J Ethnopharmacol. 1999 Apr;65(1):71-7	10350370
	Virectaria major	Rubiaceae	RNA	Class IV	Picornaviridae	Cox		Ethanol extract			Screening of seven selected Rwandan medicinal plants for antimicrobial and antiviral activities	Sindambiwe JB. et. al.	J Ethnopharmacol. 1999 Apr;65(1):71-7	10350370
	Virectaria major	Rubiaceae				MV		Ethanol extract			Screening of seven selected Rwandan medicinal plants for antimicrobial and antiviral activities	Sindambiwe JB. et. al.	J Ethnopharmacol. 1999 Apr;65(1):71-7	10350370
Angiosperm(Phanerogams)	Virectaria major	Rubiaceae	RNA	Class V	Rhabdoviridae	VSV (Vesicular Stomatitis Virus)		Ethanol extract			Screening of seven selected Rwandan medicinal plants for antimicrobial and antiviral activities	Sindambiwe JB. et. al.	J Ethnopharmacol. 1999 Apr;65(1):71-7	10350370
	Aframomum melegueta	Zingiberaceae				YFV		Ethanol extract			Antiviral properties of two Nigerian plants	Ojo. et. al.	African Journal of Plant Science Vol. 3 (7), pp. 157-159, July, 2009	
	Macaranga pustulata	Euphorbiaceae			Picornaviridae	Poliovirus		Methanol extract			Antiviral activities of Nepalese medicinal plants	Taylor RS. et. al.	J Ethnopharmacol. 1996 Jul 5;52(3):157-63	8771457
	Macaranga pustulata	Euphorbiaceae	DNA	Class I	Herpesviridae	HSV		Methanol extract			Antiviral activities of Nepalese medicinal plants	Taylor RS. et. al.	J Ethnopharmacol. 1996 Jul 5;52(3):157-63	8771457
	Hypericum cordifolium	Hypericaeae	DNA	Class I	Herpesviridae	HSV		Methanol extract			Antiviral activities of Nepalese medicinal plants	Taylor RS. et. al.	J Ethnopharmacol. 1996 Jul 5;52(3):157-63	8771457
	Hypericum uralum	Hypericaeae	RNA		Picornaviridae	Poliovirus		Methanol extract			Antiviral activities of Nepalese medicinal plants	Taylor RS. et. al.	J Ethnopharmacol. 1996 Jul 5;52(3):157-63	8771457
	Hypericum uralum	Hypericaeae	DNA	Class I	Herpesviridae	HSV		Methanol extract			Antiviral activities of Nepalese medicinal plants	Taylor RS. et. al.	J Ethnopharmacol. 1996 Jul 5;52(3):157-63	8771457
	Maesa macrophylla	Myrsinaceae	RNA		Picornaviridae	Poliovirus		Methanol extract			Antiviral activities of Nepalese medicinal plants	Taylor RS. et. al.	J Ethnopharmacol. 1996 Jul 5;52(3):157-63	8771457
	Maesa macrophylla	Myrsinaceae	DNA	Class I	Herpesviridae	HSV		Methanol extract			Antiviral activities of Nepalese medicinal plants	Taylor RS. et. al.	J Ethnopharmacol. 1996 Jul 5;52(3):157-63	8771457
	Sibbaldia micropetala	Rosaceae	DNA	Class I	Herpesviridae	HSV		Methanol extract			Antiviral activities of Nepalese medicinal plants	Taylor RS. et. al.	J Ethnopharmacol. 1996 Jul 5;52(3):157-63	8771457
	Centipeda minima	Asteraceae	RNA		Picornaviridae	Poliovirus		Methanol extract			Antiviral activities of Nepalese medicinal plants	Taylor RS. et. al.	J Ethnopharmacol. 1996 Jul 5;52(3):157-63	8771457
	Centipeda minima	Asteraceae	DNA	Class I	Herpesviridae	HSV		Methanol extract			Antiviral activities of Nepalese medicinal plants	Taylor RS. et. al.	J Ethnopharmacol. 1996 Jul 5;52(3):157-63	8771457
	Elephantopus scaber	Asteraceae	RNA		Picornaviridae	Poliovirus		Methanol extract			Antiviral activities of Nepalese medicinal plants	Taylor RS. et. al.	J Ethnopharmacol. 1996 Jul 5;52(3):157-63	8771457
	Princepia utilis	Rosaceae	DNA	Class I	Herpesviridae	HSV		Methanol extract			Antiviral activities of Nepalese medicinal plants	Taylor RS. et. al.	J Ethnopharmacol. 1996 Jul 5;52(3):157-63	8771457
	Salvia coccinia	Labiateae	DNA	Class I	Herpesviridae	HSV		Aqueous extract and Methanol extract			Screening of Nepalese medicinal plants for antiviral activity	Rajbhandari M. et. al.	J Ethnopharmacol. 2001 Mar 3;74(3):251-5	11274826
	Jasminum fluminense	Oleaceae				Rhinovirus		Ethanol extract and Methanol extract			Antiviral activity of African medicinal plants	Beuscher N. et. al.	J Ethnopharmacol. 1994 Apr;42(2):101-9	8072303
	Mitragyna inermis	Rubiaceae				Rhinovirus		Dichloromethane extract and Methanol extract			Antiviral activity of African medicinal plants	Beuscher N. et. al.	J Ethnopharmacol. 1994 Apr;42(2):101-9	8072303
	Polygala virgata	Polygalaceae				Rhinovirus		Dichloromethane extract, Ethanol extract and Methanol extract			Antiviral activity of African medicinal plants	Beuscher N. et. al.	J Ethnopharmacol. 1994 Apr;42(2):101-9	8072303
	Jasminum fluminense	Oleaceae	RNA		Picornaviridae	Poliovirus		Ethanol extract and Methanol extract			Antiviral activity of African medicinal plants	Beuscher N. et. al.	J Ethnopharmacol. 1994 Apr;42(2):101-9	8072303
	Mitragyna inermis	Rubiaceae	RNA		Picornaviridae	Poliovirus		Dichloromethane extract and Methanol extract			Antiviral activity of African medicinal plants	Beuscher N. et. al.	J Ethnopharmacol. 1994 Apr;42(2):101-9	8072303
	Polygala virgata	Polygalaceae	RNA		Picornaviridae	Poliovirus		Dichloromethane extract, Ethanol extract and Methanol extract			Antiviral activity of African medicinal plants	Beuscher N. et. al.	J Ethnopharmacol. 1994 Apr;42(2):101-9	8072303
	Securidaca longepedunculata	Polygalaceae	RNA		Picornaviridae	Poliovirus		Ethanol extract and Methanol extract			Antiviral activity of African medicinal plants	Beuscher N. et. al.	J Ethnopharmacol. 1994 Apr;42(2):101-9	8072303
	Crassula swaziensis	Crassulaceae	RNA		Picornaviridae	Poliovirus		Dichloromethane extract and Methanol extract			Antiviral activity of African medicinal plants	Beuscher N. et. al.	J Ethnopharmacol. 1994 Apr;42(2):101-9	8072303
	Heteromorpha trifolmta	Umbelliferae	RNA		Picornaviridae	Poliovirus		Dichloromethane extract			Antiviral activity of African medicinal plants	Beuscher N. et. al.	J Ethnopharmacol. 1994 Apr;42(2):101-9	8072303
	Myonima violacea	Rubiaceae				Rhinovirus		Dichloromethane extract			Antiviral activity of African medicinal plants	Beuscher N. et. al.	J Ethnopharmacol. 1994 Apr;42(2):101-9	8072303
	Pterocarpus angolensis	Leguminosae				Rhinovirus		Ethanol extract			Antiviral activity of African medicinal plants	Beuscher N. et. al.	J Ethnopharmacol. 1994 Apr;42(2):101-9	8072303
	Myonima violacea	Rubiaceae	RNA		Picornaviridae	Poliovirus		Dichloromethane extract			Antiviral activity of African medicinal plants	Beuscher N. et. al.	J Ethnopharmacol. 1994 Apr;42(2):101-9	8072303
	Pterocarpus angolensis	Leguminosae	RNA		Picornaviridae	Poliovirus		Ethanol extract			Antiviral activity of African medicinal plants	Beuscher N. et. al.	J Ethnopharmacol. 1994 Apr;42(2):101-9	8072303
	Xanthocercis zambesiaca	Leguminosae	RNA		Picornaviridae	Poliovirus		Methanol extract			Antiviral activity of African medicinal plants	Beuscher N. et. al.	J Ethnopharmacol. 1994 Apr;42(2):101-9	8072303
	Dendrosicyos socotrana	Cucurbitaceae	DNA	Class I	Herpesviridae	HSV		Aqueous extract and Methanol extract			Phytochemical screening and antiviral activity of some medicinal plants from the island Soqotra	Mothana RA. et. al.	Phytother Res. 2006 Apr;20(4):298-302	16557613
	Fagonia luntii	Zygophyllaceae	DNA	Class I	Herpesviridae	HSV		Aqueous extract and Methanol extract			Phytochemical screening and antiviral activity of some medicinal plants from the island Soqotra	Mothana RA. et. al.	Phytother Res. 2006 Apr;20(4):298-302	16557613
	Trichocalyx obovatus	Acanthaceae	DNA	Class I	Herpesviridae	HSV		Methanol extract			Phytochemical screening and antiviral activity of some medicinal plants from the island Soqotra	Mothana RA. et. al.	Phytother Res. 2006 Apr;20(4):298-302	16557613
	Withania adunensis	Solanaceae	DNA	Class I	Herpesviridae	HSV		Methanol extract			Phytochemical screening and antiviral activity of some medicinal plants from the island Soqotra	Mothana RA. et. al.	Phytother Res. 2006 Apr;20(4):298-302	16557613
	Eucalyptus camaldulensis	Myrtaceae	RNA	Class IV	Picornaviridae	Cox		Methanol extract			The antiviral activity of leaves of Eucalyptus camaldulensis (Dehn) and Eucalyptus torelliana (R. Muell)	Adeniyi BA. et. al.	Pak J Pharm Sci. 2015 Sep;28(5):1773-6	26408896
	Eucalyptus torelliana	Myrtaceae	RNA	Class IV	Picornaviridae	Cox		Methanol extract			The antiviral activity of leaves of Eucalyptus camaldulensis (Dehn) and Eucalyptus torelliana (R. Muell)	Adeniyi BA. et. al.	Pak J Pharm Sci. 2015 Sep;28(5):1773-6	26408896
	Eucalyptus camaldulensis	Myrtaceae				Echovirus		Methanol extract			The antiviral activity of leaves of Eucalyptus camaldulensis (Dehn) and Eucalyptus torelliana (R. Muell)	Adeniyi BA. et. al.	Pak J Pharm Sci. 2015 Sep;28(5):1773-6	26408896
	Eucalyptus torelliana	Myrtaceae				Echovirus		Methanol extract			The antiviral activity of leaves of Eucalyptus camaldulensis (Dehn) and Eucalyptus torelliana (R. Muell)	Adeniyi BA. et. al.	Pak J Pharm Sci. 2015 Sep;28(5):1773-6	26408896
	Aloe arborescens Mill.	Xanthorrhoeaceae	RNA	Class V	Orthomyxoviridae	Influenza virus				Bioaron C(®)	Antiviral activity of an aqueous extract derived from Aloe arborescens Mill. against a broad panel of viruses causing infections of the upper respiratory tract	Glatthaar-Saalmülle. et. al.	Phytomedicine. 2015 Sep 15;22(10):911-20	26321740
	Eleutherococcus senticosus	Araliaceae				RSV					Antiviral activity of an extract derived from roots of Eleutherococcus senticosus	Glatthaar-Saalmülle. et. al.	Antiviral Res. 2001 Jun;50(3):223-8	11397509
	Eleutherococcus senticosus	Araliaceae	RNA	Class V	Orthomyxoviridae	Influenza virus					Antiviral activity of an extract derived from roots of Eleutherococcus senticosus	Glatthaar-Saalmülle. et. al.	Antiviral Res. 2001 Jun;50(3):223-8	11397509
	Melia azedarach	Meliaceae				Junin virus				Meliacine/ 28-deacetylsendanin	An antiviral principle present in a purified fraction from Melia azedarach L. leaf aqueous extract restrains herpes simplex virus type 1 propagation	Alche LE. et. al.	Phytother Res. 2002 Jun;16(4):348-52	12112291
	Opuntia streptacantha	Cactaceae				Equine herpesvirus					Antiviral properties of extract of Opuntia streptacantha	Ahmad A. et. al.	Antiviral Res. 1996 May;30(2-3):75-85	8783800
	Opuntia streptacantha	Cactaceae				PRV					Antiviral properties of extract of Opuntia streptacantha	Ahmad A. et. al.	Antiviral Res. 1996 May;30(2-3):75-85	8783800
	Opuntia streptacantha	Cactaceae	RNA	Class V	Orthomyxoviridae	Influenza virus					Antiviral properties of extract of Opuntia streptacantha	Ahmad A. et. al.	Antiviral Res. 1996 May;30(2-3):75-85	8783800
	Opuntia streptacantha	Cactaceae				RSV					Antiviral properties of extract of Opuntia streptacantha	Ahmad A. et. al.	Antiviral Res. 1996 May;30(2-3):75-85	8783800
Angiosperm(Phanerogams)	Opuntia streptacantha	Cactaceae	RNA	Class VI	Retroviridae	HIV					Antiviral properties of extract of Opuntia streptacantha	Ahmad A. et. al.	Antiviral Res. 1996 May;30(2-3):75-85	8783800
	Ilex asprella	Aquifoliaceae				PuertoRico virus				Triterpenoid saponin- Asprellcoside A	Bioactive glycosides from the roots of Ilex asprella	Peng MH. et. al.	Pharm Biol. 2016 Oct;54(10):2127-34	26957139
	Ilex asprella	Aquifoliaceae	RNA	Class V	Orthomyxoviridae	Influenza virus				Triterpenoid saponin- Asprellcoside A	Bioactive glycosides from the roots of Ilex asprella	Peng MH. et. al.	Pharm Biol. 2016 Oct;54(10):2127-34	26957139
	Alchemilla mollis	Rosaceae	RNA	Class V	Orthomyxoviridae	Influenza virus					Anti-influenza activity of Alchemilla mollis extract: possible virucidal activity against influenza virus particles.	Makau JN. et. al.	Drug Discov Ther. 2013 Oct;7(5):189-95	24270383
	Alchemilla mollis	Rosaceae	RNA	Class V	Orthomyxoviridae	Influenza virus					Anti-influenza activity of Alchemilla mollis extract: possible virucidal activity against influenza virus particles.	Makau JN. et. al.	Drug Discov Ther. 2013 Oct;7(5):189-95	24270383
	Podophyllum peltatum	Berberidaceae				MV		Aqueous extract		Podophyllotoxin	An investigation of the antiviral activity of Podophyllum peltatum	Bedows E. and Hatfield GM.	J Nat Prod. 1982 Nov-Dec;45(6):725-9	6298369
	Bergenia ciliata	Saxifragaceae	DNA	Class I	Herpesviridae	HSV		Methanol extract			Antiviral activity of some plants used in Nepalese traditional medicine	Rajbhandari M. et. al.	Evid Based Complement Alternat Med. 2009 Dec;6(4):517-22	18955262
	Radix Astragali	Fabaceae	DNA	Class VII	Hepadnaviridae	HBV (Hepatitis B Virus)				astragaloside IV	Anti-hepatitis B virus activities of astragaloside IV isolated from radix Astragali	Wang S. et. al.	Biol Pharm Bull. 2009 Jan;32(1):132-5	19122295
	Clerodendrum Inerme	lamiaceae	DNA	Class I	Herpesviridae	HSV					Medicinal plants of Tamil Nadu (Southern India) are a rich source of antiviral activities	Vimalanathan S. et. al.	Pharaceutical Biology,47 (5):422-429	
	Maclura cochinchinensis	Moraceae	DNA	Class I	Herpesviridae	HSV		Ethyl acetate extract and Methanol extract		Morin	Anti-herpes simplex virus component isolated from Maclura cochinchinensis	Bunyapraphatsara N. et. al.	Phytomedicine,6(6):421-424	10715844
	Melissa officinalis	lamiaceae	DNA	Class I	Herpesviridae	HSV				Volatile Oils	Antiviral activity of the volatile oils of Melissa officinalis L. against Herpes simplex virus type-2	Allahverdiyev A. et. al.	Phytomedicine,11(7-8):657-661	15636181
	Momordica charantia	Cucurbitaceae	DNA	Class I	Herpesviridae	HSV					Antiviral activity of Momordica charantia: a preliminary study on in vitro anti herpes simplex virus	Rintiswati N. et. al.	Periodic Med.Sci.,29:121-123	
	Myrica rubra	Myricaceae	DNA	Class I	Herpesviridae	HSV				Prodelphinidin B-2 3,3'-di-O-gallate	In vitro antiviral activity of prodelphinidin B-2 3,3'-di-O-gallate from Myrica rubra	Cheng HY. et. al.	Planta Medica,69:953-956	14648402
	Quillaja saponaria	Quillajaceae				VACV		Aqueous extract	Triterpenoid saponins		Antiviral activity obtained from aqueous extracts of the Chilean soapbark tree (Quillaja saponaria Molina)	Roner MR. et. al.	J Gen Virol. 2007 Jan;88(Pt 1):275-85	17170461
	Quillaja saponaria	Quillajaceae				HSV		Aqueous extract	Triterpenoid saponins		Antiviral activity obtained from aqueous extracts of the Chilean soapbark tree (Quillaja saponaria Molina)	Roner MR. et. al.	J Gen Virol. 2007 Jan;88(Pt 1):275-85	17170461
	Quillaja saponaria	Quillajaceae				VZV		Aqueous extract	Triterpenoid saponins		Antiviral activity obtained from aqueous extracts of the Chilean soapbark tree (Quillaja saponaria Molina)	Roner MR. et. al.	J Gen Virol. 2007 Jan;88(Pt 1):275-85	17170461
Angiosperm(Phanerogams)	Quillaja saponaria	Quillajaceae	RNA	Class VI	Retroviridae	HIV		Aqueous extract	Triterpenoid saponins		Antiviral activity obtained from aqueous extracts of the Chilean soapbark tree (Quillaja saponaria Molina)	Roner MR. et. al.	J Gen Virol. 2007 Jan;88(Pt 1):275-85	17170461
Angiosperm(Phanerogams)	Quillaja saponaria	Quillajaceae	RNA	Class VI	Retroviridae	HIV		Aqueous extract	Triterpenoid saponins		Antiviral activity obtained from aqueous extracts of the Chilean soapbark tree (Quillaja saponaria Molina)	Roner MR. et. al.	J Gen Virol. 2007 Jan;88(Pt 1):275-85	17170461
	Quillaja saponaria	Quillajaceae				RV		Aqueous extract	Triterpenoid saponins		Antiviral activity obtained from aqueous extracts of the Chilean soapbark tree (Quillaja saponaria Molina)	Roner MR. et. al.	J Gen Virol. 2007 Jan;88(Pt 1):275-85	17170461
	Coccinea grandis	Cucurbitaceae	DNA	Class VII	Hepadnaviridae	HBV (Hepatitis B Virus)		Ethanol extract and Organic extract			In vitro evaluation of novel antiviral activities of 60 medicinal plants extracts against hepatitis B virus	Arbab AH. et. al.	Exp Ther Med. 2017 Jul;14(1):626-634	28672977
	Syzgium aromatica	Myrtaceae	DNA	Class I	Herpesviridae	HSV		Ether extract and Ethyl acetate extract			Purification and characterization of antiviral substance from the bud of Syzygium aromatica	Takechi M. et. al.	Planta Med. 1981 May;42(1):69-74	17401883
Angiosperm(Phanerogams)	Calophylum brasiliense	Calophyllaceae	RNA	Class VI	Retroviridae	HIV		Hexane extract			Inhibition of HIV-1 reverse transcriptase, toxicological and chemical profile of Calophyllum brasiliense extracts from Chiapas, Mexico	Cesar GZ. et. al.	Fitoterapia. 2011 Oct;82(7):1027-34	21723379
Angiosperm(Phanerogams)	Calophylum inophyllum	Calophyllaceae	RNA	Class VI	Retroviridae	HIV				Inophyllum B and P	Screening of anti-HIV-1 inophyllums by HPLC-DAD of Calophyllum inophyllum leaf extracts from French Polynesia Islands	Laure F. et. al.	Anal Chim Acta. 2008 Aug 22;624(1):147-53	18706320
Angiosperm(Phanerogams)	Calophylum teysmannii	Calophyllaceae	RNA	Class VI	Retroviridae	HIV				Costatolide	HIV-inhibitory coumarins from latex of the tropical rainforest tree Calophyllum teysmannii var. inophylloide	Fuller. et. al.	Bioorganic & Medicinal Chemistry Letters,4:1961-1964	
Angiosperm(Phanerogams)	Castanospermum australe	Fabaceae	RNA	Class VI	Retroviridae	HIV					Castanospermine, an HIV inhibitor from tissue cultures of Castanospermum australe	Roja G. and Heble MR.	Phytotherapy Research,9(7):540-542	
	Astilbe rivularis	Saxifragaceae	DNA	Class I	Herpesviridae	HSV		Methanol extract			Antiviral activity of some plants used in Nepalese traditional medicine	Rajbhandari M. et. al.	Evid Based Complement Alternat Med. 2009 Dec;6(4):517-22	18955262
	Cassiope fastigiata	Ericaceae	DNA	Class I	Herpesviridae	HSV		Methanol extract			Antiviral activity of some plants used in Nepalese traditional medicine	Rajbhandari M. et. al.	Evid Based Complement Alternat Med. 2009 Dec;6(4):517-22	18955262
	Thymus linearis	lamiaceae	DNA	Class I	Herpesviridae	HSV		Methanol extract			Antiviral activity of some plants used in Nepalese traditional medicine	Rajbhandari M. et. al.	Evid Based Complement Alternat Med. 2009 Dec;6(4):517-22	18955262
	Allium oreoprasum	Amaryllidaceae	RNA	Class V	Orthomyxoviridae	Influenza virus		Methanol extract			Antiviral activity of some plants used in Nepalese traditional medicine	Rajbhandari M. et. al.	Evid Based Complement Alternat Med. 2009 Dec;6(4):517-22	18955262
	Androsace strigilosa	Primulaceae	RNA	Class V	Orthomyxoviridae	Influenza virus		Methanol extract			Antiviral activity of some plants used in Nepalese traditional medicine	Rajbhandari M. et. al.	Evid Based Complement Alternat Med. 2009 Dec;6(4):517-22	18955262
	Asparagus filicinus	Asparagaceae	RNA	Class V	Orthomyxoviridae	Influenza virus		Methanol extract			Antiviral activity of some plants used in Nepalese traditional medicine	Rajbhandari M. et. al.	Evid Based Complement Alternat Med. 2009 Dec;6(4):517-22	18955262
	Astilbe rivularis	Saxifragaceae	RNA	Class V	Orthomyxoviridae	Influenza virus		Methanol extract			Antiviral activity of some plants used in Nepalese traditional medicine	Rajbhandari M. et. al.	Evid Based Complement Alternat Med. 2009 Dec;6(4):517-22	18955262
	Bergenia ciliata	Saxifragaceae	RNA	Class V	Orthomyxoviridae	Influenza virus		Methanol extract			Antiviral activity of some plants used in Nepalese traditional medicine	Rajbhandari M. et. al.	Evid Based Complement Alternat Med. 2009 Dec;6(4):517-22	18955262
	Verbascum thapsus	Scrophulariaceae	RNA	Class V	Orthomyxoviridae	Influenza virus		Methanol extract			Antiviral activity of some plants used in Nepalese traditional medicine	Rajbhandari M. et. al.	Evid Based Complement Alternat Med. 2009 Dec;6(4):517-22	18955262
Angiosperm(Phanerogams)	Achillea millefolium	Asteraceae	RNA	Class V	Paramyxoviridae	NDV					Evaluating the Efficacy of Achillea millefolium and Thymus vulgaris Extracts Against Newcastle Disease Virus in Ovo	Rezatofighi SE. et. al.	Jundishapur J Microbiol. 2014 Feb;7(2):e9016	25147678
Angiosperm(Phanerogams)	Thymus vulgaris	lamiaceae	RNA	Class V	Paramyxoviridae	NDV					Evaluating the Efficacy of Achillea millefolium and Thymus vulgaris Extracts Against Newcastle Disease Virus in Ovo	Rezatofighi SE. et. al.	Jundishapur J Microbiol. 2014 Feb;7(2):e9016	25147678
Stramenopiles (Brown Algae)	Cladosiphon okamuranus	Chordariaceae	RNA	Class V	Paramyxoviridae	NDV					In vitro characterization of the antiviral activity of fucoidan from Cladosiphon okamuranus against Newcastle Disease Virus	Elizondo-Gonzalez R. et. al.	Virol J. 2012 Dec 12;9:307	23234372
	Hydrocotyle sibthorpioides Lam.	Araliaceae	DNA	Class VII	Hepadnaviridae	HBV (Hepatitis B Virus)		Ethanol extract		Saponin	Isolation and identification of an anti-hepatitis B virus compound from Hydrocotyle sibthorpioides Lam	Huang Q. et. al.	J Ethnopharmacol. 2013 Nov 25;150(2):568-75	24051027
	Phyllanthus niruri	Euphorbiaceae	DNA	Class VII	Hepadnaviridae	HBV (Hepatitis B Virus)			Lignan	Niranthin	In vitro and in vivo anti-hepatitis B virus activities of the lignan niranthin isolated from Phyllanthus niruri L	Liu S. et. al.	J Ethnopharmacol. 2014 Sep 11;155(2):1061-7	25009077
	Potentilla anserine	Rosaceae	DNA	Class VII	Hepadnaviridae	HBV (Hepatitis B Virus)		Ethanol extract	Triterpenoid saponin		Anti-hepatitis B virus activities of triterpenoid saponin compound from Potentilla anserine L	Zhao YL. et. al.	Phytomedicine. 2008 Apr;15(4):253-8	18337074
	Potentilla anserine	Rosaceae	DNA	Class VII	Hepadnaviridae	HBV (Hepatitis B Virus)		Ethanol extract	Triterpenoid saponin		Anti-hepatitis B virus activities of triterpenoid saponin compound from Potentilla anserine L	Zhao YL. et. al.	Phytomedicine. 2008 Apr;15(4):253-8	18337074
	Oenanthe javanica	Apiaceae	DNA	Class VII	Hepadnaviridae	HBV (Hepatitis B Virus)			Flavones		Effect of Oenanthe javanica flavone on human and duck hepatitis B virus infection	Wang WN. et. al.	Acta Pharmacol Sin. 2005 May;26(5):587-92	15842778
	Oenanthe javanica	Apiaceae	DNA	Class VII	Hepadnaviridae	HBV (Hepatitis B Virus)			Flavones		Effect of Oenanthe javanica flavone on human and duck hepatitis B virus infection	Wang WN. et. al.	Acta Pharmacol Sin. 2005 May;26(5):587-92	15842778
	Abelmoschus manihot	Malvaceae	DNA	Class VII	Hepadnaviridae	HBV (Hepatitis B Virus)				Hyperoside	In vivo and in vitro antiviral activity of hyperoside extracted from Abelmoschus manihot (L) medik	Wu LL. et. al.	Acta Pharmacol Sin. 2007 Mar;28(3):404-9	17303004
Angiosperm(Phanerogams)	Calophyllum brasiliense	Calophyllaceae	RNA	Class VI	Retroviridae	HIV		Acetone extract, Hexane extract and Methanol extract		Dipyranocoumarins: calanolides A and B, soulattrolide	HIV-1 inhibitory compounds from Calophyllum brasiliense leaves	Huerta-Reyes M. et. al.	Biol Pharm Bull. 2004 Sep;27(9):1471-5	15340243
Angiosperm(Phanerogams)	Calophyllum coumarins	Calophyllaceae	RNA	Class VI	Retroviridae	HIV				Xanthones, Chromene acids	Inhibition of HIV-1 reverse transcriptase and HIV-1 replication by Calophyllum coumarins and xanthones	Dharmaratne HR. et. al.	Planta Med. 2002 Jan;68(1):86-7	11842340
Angiosperm(Phanerogams)	Calophyllum xanthones	Calophyllaceae	RNA	Class VI	Retroviridae	HIV				Xanthones, Chromene acids	Inhibition of HIV-1 reverse transcriptase and HIV-1 replication by Calophyllum coumarins and xanthones	Dharmaratne HR. et. al.	Planta Med. 2002 Jan;68(1):86-7	11842340
	Cladosiphon okamuranus	Chordariaceae				CDV			Sulfated polysaccharides		In vitro anti-canine distemper virus activity of fucoidan extracted from the brown alga Cladosiphon okamuranus	Trejo-Avila LM. et. al.	Virusdisease. 2014 Dec;25(4):474-80. doi: 10	25674625
	Cladosiphon okamuranus	Chordariaceae				DENV			Sulfated polysaccharides		Structure and anti-dengue virus activity of sulfated polysaccharide from a marine alga	Hidari KL. et. al.	Biochem Biophys Res Commun. 2008 Nov 7;376(1):91-5	18762172
	Sargassum horneri	Sargassaceae	DNA	Class I	Herpesviridae	HSV		Hot water extract	Sulfated polysaccharides		An antivirally active sulfated polysaccharide from Sargassum horneri (TURNER) C. AGARDH.	Hoshino T. et. al.	Biol Pharm Bull. 1998 Jul;21(7):730-4	9703258
	Sargassum horneri	Sargassaceae	DNA		Herpesviridae	CMV		Hot water extract	Sulfated polysaccharides		An antivirally active sulfated polysaccharide from Sargassum horneri (TURNER) C. AGARDH.	Hoshino T. et. al.	Biol Pharm Bull. 1998 Jul;21(7):730-4	9703258
Phaeophyta	Sargassum horneri	Sargassaceae	RNA	Class VI	Retroviridae	HIV		Hot water extract	Sulfated polysaccharides		An antivirally active sulfated polysaccharide from Sargassum horneri (TURNER) C. AGARDH.	Hoshino T. et. al.	Biol Pharm Bull. 1998 Jul;21(7):730-4	9703258
	Sargassum horneri	Sargassaceae	DNA	Class I	Herpesviridae	HSV		Hot water extract		Fucan sulfate (Hor-1)	A novel antivirally active fucan sulfate derived from an edible brown alga, Sargassum horneri	Preeprame S. et. al.	Chem Pharm Bull (Tokyo). 2001 Apr;49(4):484-5	11310680
	Sargassun patens	Sargassaceae	DNA	Class I	Herpesviridae	HSV		Hot water extract			Isolation and characterization of a sulfated polysaccharide from the brown alga Sargassum patens and determination of its anti-herpes activity	Zhu W. et. al.	Biochem Cell Biol. 2003 Feb;81(1):25-33	12683633
	Sargassun patens	Sargassaceae	DNA	Class I	Herpesviridae	HSV		Hot water extract			Isolation and characterization of a sulfated polysaccharide from the brown alga Sargassum patens and determination of its anti-herpes activity	Zhu W. et. al.	Biochem Cell Biol. 2003 Feb;81(1):25-33	12683633
	Monostroma latissimum	Monostromataceae	DNA	Class I	Herpesviridae	HSV				Rhamnan sulfate	Antiviral activities against HSV-1, HCMV, and HIV-1 of rhamnan sulfate from Monostroma latissimum	Lee JB. et. al.	Planta Med. 1999 Jun;65(5):439-41	10418331
	Monostroma latissimum	Monostromataceae	DNA		Herpesviridae	CMV				Rhamnan sulfate	Antiviral activities against HSV-1, HCMV, and HIV-1 of rhamnan sulfate from Monostroma latissimum	Lee JB. et. al.	Planta Med. 1999 Jun;65(5):439-41	10418331
Chlorophyta	Monostroma latissimum	Monostromataceae	RNA	Class VI	Retroviridae	HIV				Rhamnan sulfate	Antiviral activities against HSV-1, HCMV, and HIV-1 of rhamnan sulfate from Monostroma latissimum	Lee JB. et. al.	Planta Med. 1999 Jun;65(5):439-41	10418331
	Caulerpa racemosa	Caulerpaceae	DNA	Class I	Herpesviridae	HSV		Hot water extract	Sulfated polysaccharides		In vitro anti-herpetic activity of sulfated polysaccharide fractions from Caulerpa racemosa	Ghosh P. et. al.	Phytochemistry. 2004 Dec;65(23):3151-7	15541745
	Caulerpa racemosa	Caulerpaceae	DNA	Class I	Herpesviridae	HSV		Hot water extract	Sulfated polysaccharides		In vitro anti-herpetic activity of sulfated polysaccharide fractions from Caulerpa racemosa	Ghosh P. et. al.	Phytochemistry. 2004 Dec;65(23):3151-7	15541745
	Monostroma latissimum	Monostromataceae				EV				Sulfated rhamnan	Antiviral activity against enterovirus 71 of sulfated rhamnan isolated from the green alga Monostroma latissimum	Wang S. et. al.	Carbohydr Polym. 2018 Nov 15;200:43-53	30177184
	Scinaia hatei	Rhodophyceae	DNA	Class I	Herpesviridae	HSV		Crude aqueous extract		Sulfated xylomannan	Anti-herpetic activity of a sulfated xylomannan from Scinaia hatei	Mandal P. et. al.	Phytochemistry. 2008 Aug;69(11):2193-9	18572208
	Grateloupia indica	Halymeniaceae	DNA	Class I	Herpesviridae	HSV		Crude aqueous extract		Galactan sulfate	Galactan sulfate of Grateloupia indica: Isolation, structural features and antiviral activity	Chattopadhyay K. et. al.	Phytochemistry. 2007 May;68(10):1428-35. Epub 2007 Apr 23	17451760
	Schizymenia binderi	Rodophyceae	DNA	Class I	Herpesviridae	HSV		Aqueous extract		Uronic acids	Structural analysis and antiviral activity of a sulfated galactan from the red seaweed Schizymenia binderi (Gigartinales, Rhodophyta)	Matsuhiro. et. al.	Carbohydr Res. 2005 Oct 31;340(15):2392-402	16125685
	Schizymenia binderi	Rodophyceae	DNA	Class I	Herpesviridae	HSV		Aqueous extract		Uronic acids	Structural analysis and antiviral activity of a sulfated galactan from the red seaweed Schizymenia binderi (Gigartinales, Rhodophyta)	Matsuhiro. et. al.	Carbohydr Res. 2005 Oct 31;340(15):2392-402	16125685
	Adenocystis utricularis	Adenocystaceae	DNA	Class I	Herpesviridae	HSV				Galactofucans	Fucoidans from the brown seaweed Adenocystis utricularis: extraction methods, antiviral activity and structural studies	Ponce NM. et. al.	Carbohydr Res. 2003 Jan 20;338(2):153-65	12526839
	Adenocystis utricularis	Adenocystaceae	DNA	Class I	Herpesviridae	HSV				Galactofucans	Fucoidans from the brown seaweed Adenocystis utricularis: extraction methods, antiviral activity and structural studies	Ponce NM. et. al.	Carbohydr Res. 2003 Jan 20;338(2):153-65	12526839
	Dictyota dichotoma	Dictyotaceae	DNA	Class I	Herpesviridae	HSV				Fucoidans, Galactofucans	The system of fucoidans from the brown seaweed Dictyota dichotoma: chemical analysis and antiviral activity	Rabanal M. et. al.	Carbohydr Polym. 2014 Jan 30;101:804-1	24299842
	Dictyota dichotoma	Dictyotaceae	RNA	Class IV	Picornaviridae	Cox				Fucoidans, Galactofucans	The system of fucoidans from the brown seaweed Dictyota dichotoma: chemical analysis and antiviral activity	Rabanal M. et. al.	Carbohydr Polym. 2014 Jan 30;101:804-1	24299842
	Polygonum cuspidatum	Polygonaceae	DNA	Class VII	Hepadnaviridae	HBV (Hepatitis B Virus)		Aqueous extract			Ethanol extract of Polygonum cuspidatum inhibits hepatitis B virus in a stable HBV-producing cell line	Adhikari U. et. al.	Phytochemistry. 2006 Nov;67(22):2474-82	17067880
	Bupleurum	Apiaceae	DNA	Class VII	Hepadnaviridae	HBV (Hepatitis B Virus)				Saikosaponins(C,D)	Cytotoxicity and anti-hepatitis B virus activities of saikosaponins from Bupleurum species	Chiang LC. et. al.	Planta Med. 2003 Aug;69(8):705-9	4531019
	Silybum marianum	Asteraceae	RNA	Class IV	Flaviviridae	HCV				Silymarin	Inhibition of T-cell inflammatory cytokines, hepatocyte NF-kappaB signaling, and HCV infection by standardized Silymarin	Polyak SJ. et. al.	astroenterology. 2007 May;132(5):1925-36	17484885
	Curcuma longa	Zingiberaceae	RNA	Class IV	Flaviviridae	HCV				Curcumin	Curcumin inhibits hepatitis C virus replication via suppressing the Akt-SREBP-1 pathway	Kim K. et. al.	FEBS Lett. 2010 Feb 19;584(4):707-12	20026048
	Curcuma longa	Zingiberaceae	RNA	Class V	Orthomyxoviridae	Influenza virus				Curcumin	Curcumin inhibits hepatitis C virus replication via suppressing the Akt-SREBP-1 pathway	Kim K. et. al.	FEBS Lett. 2010 Feb 19;584(4):707-12	20026048
	Curcuma longa	Zingiberaceae				DENV				Curcumin	Curcumin inhibits hepatitis C virus replication via suppressing the Akt-SREBP-1 pathway	Kim K. et. al.	FEBS Lett. 2010 Feb 19;584(4):707-12	20026048
	Curcuma longa	Zingiberaceae	RNA	Class IV	Picornaviridae	Cox				Curcumin	Curcumin inhibits hepatitis C virus replication via suppressing the Akt-SREBP-1 pathway	Kim K. et. al.	FEBS Lett. 2010 Feb 19;584(4):707-12	20026048
Angiosperm(Phanerogams)	Curcuma longa	Zingiberaceae	RNA	Class VI	Retroviridae	HIV				Curcumin	Curcumin inhibits hepatitis C virus replication via suppressing the Akt-SREBP-1 pathway	Kim K. et. al.	FEBS Lett. 2010 Feb 19;584(4):707-12	20026048
	Camellia sinensis	Theaceae	RNA	Class IV	Flaviviridae	HCV				epigallocatechin-3-gallate	The green tea polyphenol, epigallocatechin-3-gallate, inhibits hepatitis C virus entry	Ciesek S. et. al.	Hepatology. 2011 Dec;54(6):1947-55	21837753
	Rosae Rugosae Flos	Rosaceae	RNA	Class IV	Flaviviridae	HCV				Tellimagrandin I	Tellimagrandin I, HCV invasion inhibitor from Rosae Rugosae Flos	Tamura S. et. al.	Bioorg Med Chem Lett. 2010 Mar 1;20(5):1598-600	20144544
	Marrubium peregrinum L	Lamiaceae	RNA	Class IV	Flaviviridae	HCV				ladanein (BJ486K)	A plant-derived flavonoid inhibits entry of all HCV genotypes into human hepatocytes	Haid S. et. al.	Gastroenterology. 2012 Jul;143(1):213-22	22465429
	Pueraria lobata Ohwi	Fabaceae				RSV					Water extract of Pueraria lobata Ohwi has anti-viral activity against human respiratory syncytial virus in human respiratory tract cell lines	Lin TJ. et. al.	Kaohsiung J Med Sci. 2013 Dec;29(12):651-7	24296052
	Psidium guajava	Myrtaceae	RNA	Class V	Orthomyxoviridae	Influenza virus					Antiviral effects of Psidium guajava Linn. (guava) tea on the growth of clinical isolated Influenza virus viruses: its role in viral hemagglutination and neuraminidase inhibition	Sriwilaijaroen N. et. al.	Antiviral Res. 2012 May;94(2):139-46. doi: 10	22453134
	Polygonum cuspidatum	Polygonaceae	DNA	Class VII	Hepadnaviridae	HBV (Hepatitis B Virus)		Ethanol extract			Ethanol extract of Polygonum cuspidatum inhibits hepatitis B virus in a stable HBV-producing cell line	Chang JS. et. al.	Antiviral Res. 2005 Apr;66(1):29-34	15781129
	Viola yedoensis	Violaceae	RNA	Class IV	Flaviviridae	HCV				Coumarins	Isolation, Identification, Quantification and Inhibitory Activity on HCV Protease of Coumarins from Viola	Lin Zhang. et. al.	Canadian Chemical Transactions ,Year 2013 | Volume 1 | Issue 3 | Page 157-164	
Angiosperm(Phanerogams)	Prunella vulgaris	Lamiaceae	RNA	Class VI	Retroviridae	HIV					Identification of inhibitors of the HIV-1 gp41 six-helix bundle formation from extracts of Chinese medicinal herbs Prunella vulgaris and Rhizoma cibotte	Liu S. et. al.	Life Sci. 2002 Aug 30;71(15):1779-91	12151056
Pteridopsida	Rhizoma cibotte	Cibotiaceae	RNA	Class VI	Retroviridae	HIV					Identification of inhibitors of the HIV-1 gp41 six-helix bundle formation from extracts of Chinese medicinal herbs Prunella vulgaris and Rhizoma cibotte	Liu S. et. al.	Life Sci. 2002 Aug 30;71(15):1779-91	12151056
	Lamium album	lamiaceae	RNA	Class IV	Flaviviridae	HCV				Lamiridosins	Lamiridosins, hepatitis C virus entry inhibitors from Lamium album	Zhang H. et. al.	J Nat Prod. 2009 Dec;72(12):2158-62	19904996
Angiosperm(Phanerogams)	Acacia nilotica	Fabaceae	RNA	Class VI	Retroviridae	HIV		Methanol extract			Inhibitory effects of Sudanese plant extracts on HIV-1 replication and HIV-1	Hussein G. et. al.	Phytother Res. 1999 Feb;13(1):31-6	10189947
Angiosperm(Phanerogams)	Maytenus senegalensis	Celastraceae	RNA	Class VI	Retroviridae	HIV		Methanol extract			Inhibitory effects of Sudanese plant extracts on HIV-1 replication and HIV-1	Hussein G. et. al.	Phytother Res. 1999 Feb;13(1):31-6	10189947
	Euphorbia jolkini	Euphorbiaceae	DNA	Class I	Herpesviridae	HSV				Putranjivain A	Putranjivain A from Euphorbia jolkini inhibits both virus entry and late stage replication of herpes simplex virus type 2 in vitro	Cheng HY. et. al.	J Antimicrob Chemother. 2004 Apr;53(4):577-83. Epub 2004 Mar 3	14998984
	Euphorbia thymifolia	Euphorbiaceae	DNA	Class I	Herpesviridae	HSV		Ethyl acetate extract		3-O-galloyl-4,6-(S)-hexahydroxydiphenoyl-d-glucose (3OG46HG)	Euphorbia thymifolia suppresses herpes simplex virus-2 infection by directly inactivating virus infectivity	Yang CM. et. al.	Clin Exp Pharmacol Physiol. 2005 May-Jun;32(5-6):346-9	15854140
	Terminalia arjuna	Combretaceae	DNA	Class I	Herpesviridae	HSV				Casuarinin	Antiherpes simplex virus type 2 activity of casuarinin from the bark of Terminalia arjuna Linn	Cheng HY. et. al.	Antiviral Res. 2002 Sep;55(3):447-55	12206882
	Nyctanthes arbortristis	Oleaceae				ECMV		Ethanol extract		Arbortristoside A, Arbortristoside C	Antiviral profile of Nyctanthes arbortristis L. against encephalitis causing viruses	Gupta P. et. al.	Indian J Exp Biol. 2005 Dec;43(12):1156-60	16359127
Angiosperms	Nyctanthes arbortristis	Oleaceae	RNA	Class IV	Togaviridae	SFV (Semliki Forest Virus)		Ethanol extract		Arbortristoside A, Arbortristoside C	Antiviral profile of Nyctanthes arbortristis L. against encephalitis causing viruses	Gupta P. et. al.	Indian J Exp Biol. 2005 Dec;43(12):1156-60	16359127
	Nicotiana benthamiana	Solanaceae				Tomato ringspot virus				Argonaute 2	Expression and antiviral function of ARGONAUTE 2 in Nicotiana benthamiana plants infected with two isolates of tomato ringspot virus with varying degrees of virulence	Paudel DB. et. al.	Virology. 2018 Sep 5;524:127-139	30195250
	Aesculus hippocastanum	Sapindaceae	DNA	Class I	Herpesviridae	HSV				β-escin	Virucidal, antiviral and immunomodulatory activities of β-escin and Aesculus hippocastanum extract	Michelini FM. et. al.	J Pharm Pharmacol. 2018 Nov;70(11):1561-1571	30168142
Angiosperm(Phanerogams)	Aesculus hippocastanum	Sapindaceae	RNA	Class V	Rhabdoviridae	VSV (Vesicular Stomatitis Virus)				β-escin	Virucidal, antiviral and immunomodulatory activities of β-escin and Aesculus hippocastanum extract	Michelini FM. et. al.	J Pharm Pharmacol. 2018 Nov;70(11):1561-1571	30168142
	Aesculus hippocastanum	Sapindaceae				DENV				β-escin	Virucidal, antiviral and immunomodulatory activities of β-escin and Aesculus hippocastanum extract	Michelini FM. et. al.	J Pharm Pharmacol. 2018 Nov;70(11):1561-1571	30168142
	Hypericum mysorense	Hypericaceae	DNA	Class I	Herpesviridae	HSV					Antiviral activity of medicinal plants of Nilgiris	Vijayan P. et. al.	Indian J Med Res. 2004 Jul;120(1):24-9	15299228
	Hypericum hookerianum	Hypericaceae	DNA	Class I	Herpesviridae	HSV					Antiviral activity of medicinal plants of Nilgiris	Vijayan P. et. al.	Indian J Med Res. 2004 Jul;120(1):24-9	15299228
	Melia dubia	Meliaceae	DNA	Class I	Herpesviridae	HSV					Antiviral activity of medicinal plants of Nilgiris	Vijayan P. et. al.	Indian J Med Res. 2004 Jul;120(1):24-9	15299228
	Cryptostegia grandiflora	Apocynaceae	DNA	Class I	Herpesviridae	HSV					Antiviral activity of medicinal plants of Nilgiris	Vijayan P. et. al.	Indian J Med Res. 2004 Jul;120(1):24-9	15299228
	Rosmarinus officinalis	lamiaceae	DNA	Class I	Herpesviridae	HSV					Antiviral activity of medicinal plants of Nilgiris	Vijayan P. et. al.	Indian J Med Res. 2004 Jul;120(1):24-9	15299228
	Geranium sanguineum L	Geraniaceae	DNA	Class I	Herpesviridae	HSV		Aqueous extract			Antiherpes virus activity of extracts from the medicinal plant Geranium sanguineum L	Serkedjieva J. et. al.	J Ethnopharmacol. 1999 Jan;64(1):59-68	10075123
	Ceramium rubrum	Ceramiaceae	RNA	Class V	Orthomyxoviridae	Influenza virus					Antiviral activity of the red marine alga Ceramium rubrum	Serkedjieva J. et. al.	Z Naturforsch C. 2000 Sep-Oct;55(9-10):830-	11098839
	Ceramium rubrum	Ceramiaceae	RNA	Class V	Orthomyxoviridae	Influenza virus					Antiviral activity of the red marine alga Ceramium rubrum	Serkedjieva J. et. al.	Z Naturforsch C. 2000 Sep-Oct;55(9-10):830-	11098839
	Diospyros kaki	Ebenaceae	RNA	Class V	Orthomyxoviridae	Influenza virus			Tannins		Inactivation of pathogenic viruses by plant-derived tannins: strong effects of extracts from persimmon (Diospyros kaki) on a broad range of viruses	Ueda K. et. al.	PLoS One. 2013;8(1):e55343. doi: 10.1371/journal.pone.0055343. Epub 2013 Jan 25	23372851
	Diospyros kaki	Ebenaceae	RNA	Class V	Orthomyxoviridae	Influenza virus			Tannins		Inactivation of pathogenic viruses by plant-derived tannins: strong effects of extracts from persimmon (Diospyros kaki) on a broad range of viruses	Ueda K. et. al.	PLoS One. 2013;8(1):e55343. doi: 10.1371/journal.pone.0055343. Epub 2013 Jan 25	23372851
	Diospyros kaki	Ebenaceae	DNA	Class I	Herpesviridae	HSV			Tannins		Inactivation of pathogenic viruses by plant-derived tannins: strong effects of extracts from persimmon (Diospyros kaki) on a broad range of viruses	Ueda K. et. al.	PLoS One. 2013;8(1):e55343. doi: 10.1371/journal.pone.0055343. Epub 2013 Jan 25	23372851
Angiosperm(Phanerogams)	Diospyros kaki	Ebenaceae	RNA	Class V	Rhabdoviridae	VSV (Vesicular Stomatitis Virus)			Tannins		Inactivation of pathogenic viruses by plant-derived tannins: strong effects of extracts from persimmon (Diospyros kaki) on a broad range of viruses	Ueda K. et. al.	PLoS One. 2013;8(1):e55343. doi: 10.1371/journal.pone.0055343. Epub 2013 Jan 25	23372851
	Diospyros kaki	Ebenaceae				SeV			Tannins		Inactivation of pathogenic viruses by plant-derived tannins: strong effects of extracts from persimmon (Diospyros kaki) on a broad range of viruses	Ueda K. et. al.	PLoS One. 2013;8(1):e55343. doi: 10.1371/journal.pone.0055343. Epub 2013 Jan 25	23372851
Angiosperm(Phanerogams)	Diospyros kaki	Ebenaceae	RNA	Class V	Paramyxoviridae	NDV			Tannins		Inactivation of pathogenic viruses by plant-derived tannins: strong effects of extracts from persimmon (Diospyros kaki) on a broad range of viruses	Ueda K. et. al.	PLoS One. 2013;8(1):e55343. doi: 10.1371/journal.pone.0055343. Epub 2013 Jan 25	23372851
	Diospyros kaki	Ebenaceae			Picornaviridae	Poliovirus			Tannins		Inactivation of pathogenic viruses by plant-derived tannins: strong effects of extracts from persimmon (Diospyros kaki) on a broad range of viruses	Ueda K. et. al.	PLoS One. 2013;8(1):e55343. doi: 10.1371/journal.pone.0055343. Epub 2013 Jan 25	23372851
	Diospyros kaki	Ebenaceae	RNA	Class IV	Picornaviridae	Cox			Tannins		Inactivation of pathogenic viruses by plant-derived tannins: strong effects of extracts from persimmon (Diospyros kaki) on a broad range of viruses	Ueda K. et. al.	PLoS One. 2013;8(1):e55343. doi: 10.1371/journal.pone.0055343. Epub 2013 Jan 25	23372851
	Diospyros kaki	Ebenaceae				ADV			Tannins		Inactivation of pathogenic viruses by plant-derived tannins: strong effects of extracts from persimmon (Diospyros kaki) on a broad range of viruses	Ueda K. et. al.	PLoS One. 2013;8(1):e55343. doi: 10.1371/journal.pone.0055343. Epub 2013 Jan 25	23372851
Angiosperm(Phanerogams)	Diospyros kaki	Ebenaceae	RNA	Class III	Reoviridae	Rotavirus			Tannins		Inactivation of pathogenic viruses by plant-derived tannins: strong effects of extracts from persimmon (Diospyros kaki) on a broad range of viruses	Ueda K. et. al.	PLoS One. 2013;8(1):e55343. doi: 10.1371/journal.pone.0055343. Epub 2013 Jan 25	23372851
	Diospyros kaki	Ebenaceae				Feline calicivirus			Tannins		Inactivation of pathogenic viruses by plant-derived tannins: strong effects of extracts from persimmon (Diospyros kaki) on a broad range of viruses	Ueda K. et. al.	PLoS One. 2013;8(1):e55343. doi: 10.1371/journal.pone.0055343. Epub 2013 Jan 25	23372851
	Diospyros kaki	Ebenaceae				Mouse Norvirus			Tannins		Inactivation of pathogenic viruses by plant-derived tannins: strong effects of extracts from persimmon (Diospyros kaki) on a broad range of viruses	Ueda K. et. al.	PLoS One. 2013;8(1):e55343. doi: 10.1371/journal.pone.0055343. Epub 2013 Jan 25	23372851
	Ardisia chinensis benth	Primulaceae	RNA	Class IV	Picornaviridae	Cox					Antiviral activity and constituent of Ardisia chinensis benth against coxsackie B3 virus	Su M. et. al.	Phytother Res. 2006 Aug;20(8):634-9	16775812
	Lobelia chinensis	Campanulaceae	DNA	Class I	Herpesviridae	HSV		Methanol extract			Efficacy of orally administered Lobelia chinensis extracts on herpes simplex virus type 1 infection in BALB/c mice	Kuo YC. et. al.	Antiviral Res. 2008 Nov;80(2):206-12	18621082
	Schefflera heptaphylla	Araliaceae				RSV				Frodin	Antiviral triterpenoids from the medicinal plant Schefflera heptaphylla	Li Y. et. al.	Phytother Res. 2007 May;21(5):466-70	17357972
	Schefflera heptaphylla	Araliaceae	RNA	Class V	Orthomyxoviridae	Influenza virus				Frodin	Antiviral triterpenoids from the medicinal plant Schefflera heptaphylla	Li Y. et. al.	Phytother Res. 2007 May;21(5):466-70	17357972
	Schefflera heptaphylla	Araliaceae	RNA	Class IV	Picornaviridae	Cox				Frodin	Antiviral triterpenoids from the medicinal plant Schefflera heptaphylla	Li Y. et. al.	Phytother Res. 2007 May;21(5):466-70	17357972
	Schefflera heptaphylla	Araliaceae	DNA	Class I	Herpesviridae	HSV				Frodin	Antiviral triterpenoids from the medicinal plant Schefflera heptaphylla	Li Y. et. al.	Phytother Res. 2007 May;21(5):466-70	17357972
	Pithecellobium clypearia	Fabaceae				RSV		Methanol extract		7-O-galloyltricetifavan (1) and 7,4'-di-O-galloyltricetifavan (2)	Antiviral flavans from the leaves of Pithecellobium clypearia	Li Y. et. al.	J Nat Prod. 2006 May;69(5):833-5	16724853
	Pithecellobium clypearia	Fabaceae	RNA	Class V	Orthomyxoviridae	Influenza virus		Methanol extract		7-O-galloyltricetifavan (1) and 7,4'-di-O-galloyltricetifavan (2)	Antiviral flavans from the leaves of Pithecellobium clypearia	Li Y. et. al.	J Nat Prod. 2006 May;69(5):833-5	16724853
	Pithecellobium clypearia	Fabaceae	RNA	Class IV	Picornaviridae	Cox		Methanol extract		7-O-galloyltricetifavan (1) and 7,4'-di-O-galloyltricetifavan (2)	Antiviral flavans from the leaves of Pithecellobium clypearia	Li Y. et. al.	J Nat Prod. 2006 May;69(5):833-5	16724853
	Pithecellobium clypearia	Fabaceae	DNA	Class I	Herpesviridae	HSV		Methanol extract		7-O-galloyltricetifavan (1) and 7,4'-di-O-galloyltricetifavan (2)	Antiviral flavans from the leaves of Pithecellobium clypearia	Li Y. et. al.	J Nat Prod. 2006 May;69(5):833-5	16724853
	Raoulia australis	Asteraceae				Retrovirus				Raoulic acid	Antiviral activity of raoulic acid from Raoulia australis against Picornaviruses	Choi HJ. et. al.	Phytomedicine. 2009 Jan;16(1):35-9	19097770
	Raoulia australis	Asteraceae				Retrovirus				Raoulic acid	Antiviral activity of raoulic acid from Raoulia australis against Picornaviruses	Choi HJ. et. al.	Phytomedicine. 2009 Jan;16(1):35-9	19097770
	Raoulia australis	Asteraceae	RNA	Class IV	Picornaviridae	Cox				Raoulic acid	Antiviral activity of raoulic acid from Raoulia australis against Picornaviruses	Choi HJ. et. al.	Phytomedicine. 2009 Jan;16(1):35-9	19097770
	Raoulia australis	Asteraceae	RNA	Class IV	Picornaviridae	Cox				Raoulic acid	Antiviral activity of raoulic acid from Raoulia australis against Picornaviruses	Choi HJ. et. al.	Phytomedicine. 2009 Jan;16(1):35-9	19097770
	Raoulia australis	Asteraceae				EV				Raoulic acid	Antiviral activity of raoulic acid from Raoulia australis against Picornaviruses	Choi HJ. et. al.	Phytomedicine. 2009 Jan;16(1):35-9	19097770
	Trollius chinensis	Ranunculaceae	RNA	Class V	Orthomyxoviridae	Influenza virus				C-glycosides, trollisin I (= (1S)-1,5-anhydro-1-[2-(3,4-dihydroxyphenyl)-5-hydroxy-7-methoxy-4-oxo-4H-[1]benzopyran-8-yl]-2-O-(2-methylbutanoyl)-D-glucitol, 2-O-benzoyl congener trollisin II	Antiviral flavonoid-type C-glycosides from the flowers of Trollius chinensis	Cai SQ. et. al.	Chem Biodivers. 2006 Mar;3(3):343-8	17193271
	Aesculus chinensis	Sapindaceae				RSV		Ethanol extract			Antiviral flavonoids from the seeds of Aesculus chinensis	Wei F. et. al.	J Nat Prod. 2004 Apr;67(4):650-3	15104496
	Aesculus chinensis	Sapindaceae				Parainfluenza virus		Ethanol extract			Antiviral flavonoids from the seeds of Aesculus chinensis	Wei F. et. al.	J Nat Prod. 2004 Apr;67(4):650-3	15104496
	Aesculus chinensis	Sapindaceae	RNA	Class V	Orthomyxoviridae	Influenza virus		Ethanol extract			Antiviral flavonoids from the seeds of Aesculus chinensis	Wei F. et. al.	J Nat Prod. 2004 Apr;67(4):650-3	15104496
	Bupleurum kaoi	Apiaceae	RNA	Class IV	Picornaviridae	Cox					Bupleurum kaoi inhibits Coxsackie B virus type 1 infection of CCFS-1 cells by induction of type I interferons expression	Cheng PW. et. al.	Food Chem Toxicol. 2007 Jan;45(1):24-31	17052829
	Raoulia australis	Asteraceae				Retrovirus					Anti-human rhinovirus activity of raoulic acid from Raoulia australis	Choi HJ. et. al.	J Med Food. 2010 Apr;13(2):326-8	20412019
	Ocimum basilicum	Lamiaceae	DNA	Class I	Herpesviridae	HSV		Crude ethanol extract			Antiviral activities of extracts and selected pure constituents of Ocimum basilicum	Chiang LC. et. al.	Clin Exp Pharmacol Physiol. 2005 Oct;32(10):811-6	16173941
	Ocimum basilicum	Lamiaceae				ADV		Crude ethanol extract			Antiviral activities of extracts and selected pure constituents of Ocimum basilicum	Chiang LC. et. al.	Clin Exp Pharmacol Physiol. 2005 Oct;32(10):811-6	16173941
	Ocimum basilicum	Lamiaceae	RNA	Class IV	Picornaviridae	Cox		Crude ethanol extract			Antiviral activities of extracts and selected pure constituents of Ocimum basilicum	Chiang LC. et. al.	Clin Exp Pharmacol Physiol. 2005 Oct;32(10):811-6	16173941
	Ocimum basilicum	Lamiaceae				EV		Crude ethanol extract			Antiviral activities of extracts and selected pure constituents of Ocimum basilicum	Chiang LC. et. al.	Clin Exp Pharmacol Physiol. 2005 Oct;32(10):811-6	16173941
	Lagerstroemia speciosa	Lythraceae				Retrovirus				Orobol 7-O-D-glucoside	Inhibitory effects of orobol 7-O-D-glucoside from banaba (Lagerstroemia speciosa L.) on human rhinoviruses replication	Choi HJ. et. al.	Lett Appl Microbiol. 2010 Jul;51(1):1-5	20497313
	Lagerstroemia speciosa	Lythraceae				Retrovirus				Orobol 7-O-D-glucoside	Inhibitory effects of orobol 7-O-D-glucoside from banaba (Lagerstroemia speciosa L.) on human rhinoviruses replication	Choi HJ. et. al.	Lett Appl Microbiol. 2010 Jul;51(1):1-5	20497313
	Lagerstroemia speciosa	Lythraceae				Retrovirus				Orobol 7-O-D-glucoside	Inhibitory effects of orobol 7-O-D-glucoside from banaba (Lagerstroemia speciosa L.) on human rhinoviruses replication	Choi HJ. et. al.	Lett Appl Microbiol. 2010 Jul;51(1):1-5	20497313
	Lagerstroemia speciosa	Lythraceae				Retrovirus				Orobol 7-O-D-glucoside	Inhibitory effects of orobol 7-O-D-glucoside from banaba (Lagerstroemia speciosa L.) on human rhinoviruses replication	Choi HJ. et. al.	Lett Appl Microbiol. 2010 Jul;51(1):1-5	20497313
	Lagerstroemia speciosa	Lythraceae				Retrovirus				Orobol 7-O-D-glucoside	Inhibitory effects of orobol 7-O-D-glucoside from banaba (Lagerstroemia speciosa L.) on human rhinoviruses replication	Choi HJ. et. al.	Lett Appl Microbiol. 2010 Jul;51(1):1-5	20497313
	Lagerstroemia speciosa	Lythraceae				Retrovirus				Orobol 7-O-D-glucoside	Inhibitory effects of orobol 7-O-D-glucoside from banaba (Lagerstroemia speciosa L.) on human rhinoviruses replication	Choi HJ. et. al.	Lett Appl Microbiol. 2010 Jul;51(1):1-5	20497313
	Lagerstroemia speciosa	Lythraceae				Retrovirus				Orobol 7-O-D-glucoside	Inhibitory effects of orobol 7-O-D-glucoside from banaba (Lagerstroemia speciosa L.) on human rhinoviruses replication	Choi HJ. et. al.	Lett Appl Microbiol. 2010 Jul;51(1):1-5	20497313
	Plantago major	Plantaginaceae	DNA	Class I	Herpesviridae	HSV		Aqueous extract		Caffeic acid	Antiviral activity of Plantago major extracts and related compounds in vitro	Chiang LC. et. al.	Antiviral Res. 2002 Jul;55(1):53-62	12076751
	Plantago major	Plantaginaceae	DNA	Class I	Herpesviridae	HSV		Aqueous extract		Caffeic acid	Antiviral activity of Plantago major extracts and related compounds in vitro	Chiang LC. et. al.	Antiviral Res. 2002 Jul;55(1):53-62	12076751
	Plantago major	Plantaginaceae				ADV		Aqueous extract		Caffeic acid	Antiviral activity of Plantago major extracts and related compounds in vitro	Chiang LC. et. al.	Antiviral Res. 2002 Jul;55(1):53-62	12076751
	Plantago major	Plantaginaceae				ADV		Aqueous extract		Chlorogenic acid	Antiviral activity of Plantago major extracts and related compounds in vitro	Chiang LC. et. al.	Antiviral Res. 2002 Jul;55(1):53-62	12076751
	Woodfordia fruticosa	Lythraceae				EV					n vitro anti-enterovirus 71 activity of gallic acid from Woodfordia fruticosa flowers	Choi HJ. et. al.	Lett Appl Microbiol. 2010 Apr;50(4):438-40	20149083
	Lagerstroemia speciosa	Lythraceae				Retrovirus				Quercetin 7-glucoside	Anti-human rhinovirus 2 activity and mode of action of quercetin-7-glucoside from Lagerstroemia speciosa	Song HJ. et. al.	J Med Food. 2013 Apr;16(4):274-9	23566054
	Brachyglottis monroi	Asteraceae				Retrovirus				13(E)-labd-13-ene-8alpha,15-diol	Antiviral and anticancer activities of 13(E)-labd-13-ene-8alpha,15-diol isolated from Brachyglottis monroi	Choi HJ. et. al.	Phytother Res. 2010 Feb;24(2):169-74	19504469
	Brachyglottis monroi	Asteraceae				Retrovirus				13(E)-labd-13-ene-8alpha,15-diol	Antiviral and anticancer activities of 13(E)-labd-13-ene-8alpha,15-diol isolated from Brachyglottis monroi	Choi HJ. et. al.	Phytother Res. 2010 Feb;24(2):169-74	19504469
	Caesalpinia pulcherrima	Fabaceae				ADV		Aqueous extract	Flavonoids	Quercetin	In vitro antiviral activities of Caesalpinia pulcherrima and its related flavonoids	Chiang LC. et. al.	J Antimicrob Chemother. 2003 Aug;52(2):194-8. Epub 2003 Jul 1	12837746
Angiosperm(Phanerogams)	Acacia arabica	Fabaceae	DNA	Class I	Poxviridae	Goatpox virus					In vitro antiviral activity of plant extracts on goatpox virus replication	Bhanuprakash V. et. al.	Indian J Exp Biol. 2008 Feb;46(2):120-7	18335810
Angiosperm(Phanerogams)	Eugenia jambolana	Myrtaceae	DNA	Class I	Poxviridae	Goatpox virus					In vitro antiviral activity of plant extracts on goatpox virus replication	Bhanuprakash V. et. al.	Indian J Exp Biol. 2008 Feb;46(2):120-8	18335810
Angiosperm(Phanerogams)	Rhapis excelsa	Arecaceae	RNA	Class IV	Togaviridae	CHIKV		Chloroform extract			Investigation of twenty selected medicinal plants from Malaysia for anti-Chikungunya virus activity.	Chan YS. et. al.	Int Microbiol. 2016 Sep;19(3):175-182	28494087
Angiosperm(Phanerogams)	Vernonia amygdalina	Asteraceae	RNA	Class IV	Togaviridae	CHIKV		Ethyl acetate extract			Investigation of twenty selected medicinal plants from Malaysia for anti-Chikungunya virus activity.	Chan YS. et. al.	Int Microbiol. 2016 Sep;19(3):175-182	28494087
Angiosperm(Phanerogams)	Toddalia asiatica	Rutaceae	RNA	Class V	Orthomyxoviridae	Influenza virus	H1N1				Identification of antiviral activity of Toddalia asiatica against influenza type A virus	Lu SY. et. al.	Zhongguo Zhong Yao Za Zhi. 2005 Jul;30(13):998-1001	16161428
Angiosperm(Phanerogams)	Clinacanthus siamensis	Acanthaceae	RNA	Class V	Orthomyxoviridae	Influenza virus	H1N1	Ethanolic extract			Effects of Clinacanthus siamensis leaf extract on influenza virus infection	Wirotesangthong M. et. al.	Microbiol Immunol. 2009 Feb;53(2):66-74	19291089
Angiosperm(Phanerogams)	Aronia melanocarpa	Rosaceae	RNA	Class V	Orthomyxoviridae	Influenza virus	Influenza virus-A				Current knowledge of Aronia melanocarpa as a medicinal plant	Valcheva-Kuzmanova SV. et. al.	Folia Med (Plovdiv). 2006;48(2):11-7	17408071
Angiosperm(Phanerogams)	Eugenia jambolana Lam.	Myrtaceae	RNA	Class V	Orthomyxoviridae	Influenza virus	H5N1	Crude extract			Antiviral activity of crude extracts of Eugenia jambolana Lam. against highly pathogenic avian influenza (H5N1) virus	Sood R. et. al.	Indian J Exp Biol. 2012 Mar;50(3):179-86	22439432
Angiosperm(Phanerogams)	Agrimonia pilosa	Rosaceae	RNA	Class V	Orthomyxoviridae	Influenza virus	H1N1				Broad-spectrum antiviral effect of Agrimonia pilosa extract on influenza viruses	Shin WJ. et. al.	Microbiol Immunol. 2010;54(1):11-9	20055938
Angiosperm(Phanerogams)	Agrimonia pilosa	Rosaceae	RNA	Class V	Orthomyxoviridae	Influenza virus	H3N2				Broad-spectrum antiviral effect of Agrimonia pilosa extract on influenza viruses	Shin WJ. et. al.	Microbiol Immunol. 2010;54(1):11-9	20055938
Angiosperm(Phanerogams)	Trichosanthes kirilowii	Cucurbitaceae	RNA	Class VI	Retroviridae	HIV	HIV-1				TAP 29: an anti-human immunodeficiency virus protein from Trichosanthes kirilowii that is nontoxic to intact cells	Lee-Huang S. et. al.	Proc Natl Acad Sci U S A. 1991 Aug 1;88(15):6570-4	1713684
Angiosperm(Phanerogams)	Shepherdia argentea	Elaeagnaceae	RNA	Class VI	Retroviridae	HIV	HIV-1		Tannins	Shephagenins A and B, hippophaenin A, strictinin	New hydrolyzable tannins, shephagenins A and B, from Shepherdia argentea as HIV-1 reverse transcriptase inhibitors	Yoshida T. et. Al	Chem Pharm Bull (Tokyo). 1996 Aug;44(8):1436-9	8795264
Angiosperm(Phanerogams)	Phaseolus vulgaris	Fabaceae	RNA	Class VI	Retroviridae	HIV	HIV-1		Lectins		Examination of lectins, polysaccharopeptide, polysaccharide, alkaloid, coumarin and trypsin inhibitors for inhibitory activity against human immunodeficiency virus reverse transcriptase and glycohydrolases	Wang HX. and Ng TB.	Planta Med. 2001 Oct;67(7):669-72	11582548
Angiosperm(Phanerogams)	Momordica charantia	Cucurbitaceae	RNA	Class VI	Retroviridae	HIV	HIV-1		Lectins		Examination of lectins, polysaccharopeptide, polysaccharide, alkaloid, coumarin and trypsin inhibitors for inhibitory activity against human immunodeficiency virus reverse transcriptase and glycohydrolases	Wang HX. and Ng TB.	Planta Med. 2001 Oct;67(7):669-73	11582548
Angiosperm(Phanerogams)	Ricinus communis	Euphorbiaceae	RNA	Class VI	Retroviridae	HIV	HIV-1		Lectins		Examination of lectins, polysaccharopeptide, polysaccharide, alkaloid, coumarin and trypsin inhibitors for inhibitory activity against human immunodeficiency virus reverse transcriptase and glycohydrolases	Wang HX. and Ng TB.	Planta Med. 2001 Oct;67(7):669-74	11582548
Thallophyta	Cryptoporus volvatus	Polyporaceae	RNA	Class V	Orthomyxoviridae	Influenza virus	H1N1			Cryptoporic acid E	Cryptoporic acid E from Cryptoporus volvatus inhibits influenza virus replication in vitro	Gao L. et. al.	Antiviral Res. 2017 Jul;143:106-112	28232246
Thallophyta	Cryptoporus volvatus	Polyporaceae	RNA	Class V	Orthomyxoviridae	Influenza virus	H3N2			Cryptoporic acid E	Cryptoporic acid E from Cryptoporus volvatus inhibits influenza virus replication in vitro	Gao L. et. al.	Antiviral Res. 2017 Jul;143:106-112	28232246
Angiosperm(Phanerogams)	Sophora flavescens	Fabaceae	RNA	Class III	Reoviridae	RV	HRV1-3			kuraridin	In vitro anti-reovirus activity of kuraridin isolated from Sophora flavescens against viral replication and hemagglutination	Kwon HJ. et. al.	J Pharmacol Sci. 2015 Aug;128(4):159-69	26076959
Angiosperm(Phanerogams)	Sophora flavescens	Fabaceae	RNA	Class III	Reoviridae	RV	PRV			kuraridin	In vitro anti-reovirus activity of kuraridin isolated from Sophora flavescens against viral replication and hemagglutination	Kwon HJ. et. al.	J Pharmacol Sci. 2015 Aug;128(4):159-69	26076959
Angiosperm(Phanerogams)	Basella rubra L	Basellaceae	DNA	Class I	Herpesviridae	HSV	HSV-2	Hot water extract	Polysaccharides	Arabinogalactan type I BRN3	Structures and anti-HSV-2 activities of neutral polysaccharides from an edible plant, Basella rubra L	Dong CX. et. al.	Int J Biol Macromol. 2012 Jan 1;50(1):245-9	22085753
Angiosperm(Phanerogams)	Portulaca oleracea L.	Portulacaceae	DNA	Class I	Herpesviridae	HSV	HSV-3		Polysaccharides	Arabinoglucomannan	Characterization of structures and antiviral effects of polysaccharides from Portulaca oleracea L.	Dong CX. et. al.	Chem Pharm Bull (Tokyo). 2010 Apr;58(4):507-10	20410633
Angiosperm(Phanerogams)	Isatis indigotica	Brassicaceae	RNA	Class IV	Flaviviridae	JEV	JEV-1				Antiviral Activity of Isatis indigotica Extract and Its Derived Indirubin against Japanese Encephalitis Virus	Chang SJ. et. al.	Evid Based Complement Alternat Med. 2012;2012:925830	22911608
Angiosperm(Phanerogams)	Artemisia rupestris L.	Asteraceae	RNA	Class V	Orthomyxoviridae	Influenza virus				Rupestonic acid	Virucidal, antiviral and immunomodulatory activities of β-escin and Aesculus hippocastanum extract	Yong J. et. al.	Mini Rev Med Chem. 2013 Feb;13(2):310-5	22625417
Angiosperm(Phanerogams)	Eucalyptus maideni	Myrtaceae	DNA	Class I	Herpesviridae	HSV	HSV-1				Phloroglucinol glycosides from the fresh fruits of Eucalyptus maideni	Tian LW. et. al.	J Nat Prod. 2010 Feb 26;73(2):160-3	20092288
Angiosperm(Phanerogams)	Nervilia fordii	Orchidaceae	DNA	Class I	Herpesviridae	HSV	HSV-1			Esculetin	7-O-methylkaempferol and -quercetin glycosides from the whole plant of Nervilia fordii	Tian LW. et. al.	J Nat Prod. 2009 Jun;72(6):1057-60. doi: 10.1021/np800760p	19422205
Angiosperm(Phanerogams)	Ficus ischnopoda	Moraceae	DNA	Class I	Herpesviridae	HSV	HSV-1		Flavones	Luteolin triglycoside	A new luteolin triglycoside from Ficus ischnopoda leaves	Xu ZS. et. al.	Nat Prod Res. 2014;28(14):1052-7	24707816
Angiosperm(Phanerogams)	Ficus benjamina	Moraceae	DNA	Class I	Herpesviridae	HSV	HSV-1	Crude ethanol extract	Flavones	Quercetin 3-O-rutinoside, Kaempferol 3-O-rutinoside, Kaempferol 3-O-robinobioside	Potent antiviral flavone glycosides from Ficus benjamina leaves	Yarmolinsky L. et. al.	Fitoterapia. 2012 Mar;83(2):362-7	22155188
Angiosperm(Phanerogams)	Ficus benjamina	Moraceae	DNA	Class I	Herpesviridae	HSV	HSV-2	Crude ethanol extract	Flavones	Quercetin 3-O-rutinoside, Kaempferol 3-O-rutinoside, Kaempferol 3-O-robinobioside	Potent antiviral flavone glycosides from Ficus benjamina leaves	Yarmolinsky L. et. al.	Fitoterapia. 2012 Mar;83(2):362-8	22155188
Angiosperm(Phanerogams)	Ficus benjamina	Moraceae	DNA	Class I	Herpesviridae	VZV		Crude ethanol extract	Flavones	Quercetin 3-O-rutinoside, Kaempferol 3-O-rutinoside, Kaempferol 3-O-robinobioside	Potent antiviral flavone glycosides from Ficus benjamina leaves	Yarmolinsky L. et. al.	Fitoterapia. 2012 Mar;83(2):362-9	22155188
Angiosperm(Phanerogams)	Ficus carica	Moraceae	DNA	Class I	Herpesviridae	HSV	HSV-1	Hexanic, Hexane-ethyl acetate			In vitro cytotoxic and antiviral activities of Ficus carica latex extracts	Lazreg Aref H. et. al.	Nat Prod Res. 2011 Feb;25(3):310-9	21294043
Angiosperm(Phanerogams)	Ficus carica	Moraceae	RNA	Group IV	Picornaviridae	ECV	-ECV 11.00	Hexanic, Hexane-ethyl acetate			In vitro cytotoxic and antiviral activities of Ficus carica latex extracts	Lazreg Aref H. et. al.	Nat Prod Res. 2011 Feb;25(3):310-10	21294043
Angiosperm(Phanerogams)	Rhododendron ferrugineum L.	Ericaceae	DNA	Class I	Herpesviridae	HSV	HSV-1	Aqueous extract	Polyphenols		Inhibition of viral adsorption and penetration by an aqueous extract from Rhododendron ferrugineum L. as antiviral principle against herpes simplex virus type-1	Gescher K. et. al.	Fitoterapia. 2011 Apr;82(3):408-13	21129454
Angiosperm(Phanerogams)	Alternanthera philoxeroides Griseb	amaranthaceae	RNA	Class IV	Flaviviridae	DENV					Effects of Alternanthera philoxeroides Griseb against dengue virus in vitro	Jiang WL. et. al.	Di Yi Jun Yi Da Xue Xue Bao. 2005 Apr;25(4):454-6	15837655
Angiosperm(Phanerogams)	Euphorbia hirta	Euphorbiaceae	RNA	Class IV	Flaviviridae	DENV					Ethnopharmacological studies on the uses of Euphorbia hirta in the treatment of dengue in selected indigenous communities in Pangasinan (Philippines)	de Guzman GQ. et. al.	Phytomedicine. 2008 Jan;15(1-2):62-70	27366349
Angiosperm(Phanerogams)	Andrographis paniculata	Acanthaceae	RNA	Class IV	Flaviviridae	DENV	DENV-1	Methanol extract			Screening of anti-dengue activity in methanolic extracts of medicinal plants	Tang LI. et. al.	BMC Complement Altern Med. 2012 Jan 13;12:	22244370
Angiosperm(Phanerogams)	Momordica charantia	Cucurbitaceae	RNA	Class IV	Flaviviridae	DENV	DENV-1	Methanol extract			Screening of anti-dengue activity in methanolic extracts of medicinal plants	Tang LI. et. al.	BMC Complement Altern Med. 2012 Jan 13;12:	22244370
Angiosperm(Phanerogams)	Boesenbergia rotunda (L.)	Zingiberaceae	RNA	Class IV	Flaviviridae	DENV	DENV-2		Flavonoids	Cyclohexenyl chalcone derivatives 4-hydroxypanduratin A, panduratin A	Inhibitory activity of cyclohexenyl chalcone derivatives and flavonoids of fingerroot, Boesenbergia rotunda (L.), towards dengue-2 virus NS3 protease	Kiat TS. et. al.	Bioorg Med Chem Lett. 2006 Jun 15;16(12):3337-40	16621533
Angiosperm(Phanerogams)	Mammea americana	Calophyllaceae	RNA	Class IV	Flaviviridae	DENV		Ethanolic extract		Coumarin A, coumarin B	Antiviral effect of compounds derived from the seeds of Mammea americana and Tabernaemontana cymosa on Dengue and Chikungunya virus infections	Gómez-Calderón C. et. al.	BMC Complement Altern Med. 2017 Jan 18;17(1):57	28100218
Angiosperm(Phanerogams)	Mammea americana	Calophyllaceae	RNA	Class IV	Togaviridae	CHIKV		Ethanolic extract		Coumarin A, coumarin B	Antiviral effect of compounds derived from the seeds of Mammea americana and Tabernaemontana cymosa on Dengue and Chikungunya virus infections	Gómez-Calderón C. et. al.	BMC Complement Altern Med. 2017 Jan 18;17(1):58	28100218
Angiosperm(Phanerogams)	Tabernaemontana cymosa	Apocynaceae	RNA	Class IV	Flaviviridae	DENV		Ethanolic extract		Lupeol acetate, Voacangine	Antiviral effect of compounds derived from the seeds of Mammea americana and Tabernaemontana cymosa on Dengue and Chikungunya virus infections	Gómez-Calderón C. et. al.	BMC Complement Altern Med. 2017 Jan 18;17(1):59	28100218
Angiosperm(Phanerogams)	Andrographis paniculata Nees	Acanthaceae	DNA	Class I	Herpesviridae	HSV	HSV-1			Andrographolide	A potential andrographolide analogue against the replication of herpes simplex virus type 1 in vero cells	Seubsasana S. et. al.	Med Chem. 2011 May;7(3):237-44	21486208
Angiosperm(Phanerogams)	Andrographis paniculata	Acanthaceae	RNA	Class IV	Flaviviridae	HCV				Andrographolide	Andrographolide exerts anti-hepatitis C virus activity by up-regulating haeme oxygenase-1 via the p38 MAPK/Nrf2 pathway in human hepatoma cells	Lee JC. et. al.	Br J Pharmacol. 2014 Jan;171(1):237-52	24117426
Angiosperm(Phanerogams)	Santolina insularis	Asteraceae	DNA	Class I	Herpesviridae	HSV	HSV-1				Inactivation of HSV-1 and HSV-2 and prevention of cell-to-cell virus spread by Santolina insularis essential oil	De Logu A. et. al.	Antiviral Res. 2000 Dec;48(3):177-85	11164504
Angiosperm(Phanerogams)	Santolina insularis	Asteraceae	DNA	Class I	Herpesviridae	HSV	HSV-2				Inactivation of HSV-1 and HSV-2 and prevention of cell-to-cell virus spread by Santolina insularis essential oil	De Logu A. et. al.	Antiviral Res. 2000 Dec;48(3):177-85	11164504
Angiosperm(Phanerogams)	Chamaecyparis lawsoniana	Cupressaceae	DNA	Class I	Herpesviridae	HSV	HSV-2	Ethanolic extract			Antiviral activity of Chamaecyparis lawsoniana extract: study with herpes simplex virus type 2	Debiaggi M. et. al.	Microbiologica. 1988 Jan;11(1):55-61	2832710
Angiosperm(Phanerogams)	Hypericum connatum Lam.	Hypericaceae	DNA	Class I	Herpesviridae	HSV	HSV-1	Methanol extract		luteoforol	Herpes virus inhibitory substances from Hypericum connatum Lam., a plant used in southern Brazil to treat oral lesions	Fritz D. et. al.	J Ethnopharmacol. 2007 Sep 25;113(3):517-20	17719731
Angiosperm(Phanerogams)	Echinacea purpurea	Asteraceae	RNA	Class V	Orthomyxoviridae	Influenza virus					Echinacea purpurea aerial extract alters course of influenza infection in mice	Fusco D. et. al.	Vaccine. 2010 May 21;28(23):3956-62	20382242
Angiosperm(Phanerogams)	Caesalpinia minax	Fabaceae	RNA	Class V	Paramyxoviridae	Parainfluenza virus	Parainfluenza virus-3	Chloroform extract		Cassane furanoditerpenoids, Friedelane triterpenoids	Molecular structures and antiviral activities of naturally occurring and modified cassane furanoditerpenoids and friedelane triterpenoids from Caesalpinia minax	Jiang RW. et. al.	Bioorg Med Chem. 2002 Jul;10(7):2161-70	11983512
Angiosperm(Phanerogams)	Hyssopus officinalis	Lamiaceae	DNA	Class I	Herpesviridae	HSV		Methanol extract			A review study on the effect of Iranian herbal medicines against in vitro replication of herpes simplex virus	Moradi MT. et. al.	Avicenna J Phytomed. 2016 Sep-Oct;6(5):506-515	27761420
Angiosperm(Phanerogams)	Melissa officinalis	Lamiaceae	DNA	Class I	Herpesviridae	HSV		Aqueous extract			A review study on the effect of Iranian herbal medicines against in vitro replication of herpes simplex virus	Moradi MT. et. al.	Avicenna J Phytomed. 2016 Sep-Oct;6(5):506-516	27761420
Angiosperm(Phanerogams)	Quercus persica L.	Lamiaceae	DNA	Class I	Herpesviridae	HSV		Hydroalcoholic extract			A review study on the effect of Iranian herbal medicines against in vitro replication of herpes simplex virus	Moradi MT. et. al.	Avicenna J Phytomed. 2016 Sep-Oct;6(5):506-517	27761420
Angiosperm(Phanerogams)	Securigeras ecuridaca	Lamiaceae	DNA	Class I	Herpesviridae	HSV		Methanol extract			A review study on the effect of Iranian herbal medicines against in vitro replication of herpes simplex virus	Moradi MT. et. al.	Avicenna J Phytomed. 2016 Sep-Oct;6(5):506-518	27761420
Angiosperm(Phanerogams)	Quercus lusitanica	Fagaceae	RNA	Class IV	Flaviviridae	DENV	DENV-2	Crude extract			Inhibitory potential of Quercus lusitanica extract on dengue virus type 2 replication	Muliawan SY. et. al	Southeast Asian J Trop Med Public Health. 2006;37 Suppl 3:132-5	17547068
Angiosperm(Phanerogams)	Securigera securidaca	Fabaceae	DNA	Class I	Herpesviridae	HSV		Methanol extract			A review study on the effect of Iranian herbal medicines against in vitro replication of herpes simplex virus	Moradi MT. et. al.	Avicenna J Phytomed. 2016 Sep-Oct;6(5):506-515	27761420
Angiosperm(Phanerogams)	Avicenna marina	Avicenniaceae	DNA	Class I	Herpesviridae	HSV		Methanol extract			A review study on the effect of Iranian herbal medicines against in vitro replication of herpes simplex virus	Moradi MT. et. al.	Avicenna J Phytomed. 2016 Sep-Oct;6(5):506-516	27761420
Angiosperm(Phanerogams)	Zataria multiflora Boiss	Lamiaceae	DNA	Class I	Herpesviridae	HSV					A review study on the effect of Iranian herbal medicines against in vitro replication of herpes simplex virus	Moradi MT. et. al.	Avicenna J Phytomed. 2016 Sep-Oct;6(5):506-517	27761420
Angiosperm(Phanerogams)	Thymus kotschyanus	Lamiaceae	DNA	Class I	Herpesviridae	HSV		Aqueous extract			A review study on the effect of Iranian herbal medicines against in vitro replication of herpes simplex virus	Moradi MT. et. al.	Avicenna J Phytomed. 2016 Sep-Oct;6(5):506-518	27761420
Angiosperm(Phanerogams)	Curcuma longa Linn.	Zingiberaceae	DNA	Class I	Herpesviridae	HSV					A review study on the effect of Iranian herbal medicines against in vitro replication of herpes simplex virus	Moradi MT. et. al.	Avicenna J Phytomed. 2016 Sep-Oct;6(5):506-519	27761420
Angiosperm(Phanerogams)	Camellia sinensis	Theaceae	DNA	Class I	Herpesviridae	HSV		Aqueous extract			A review study on the effect of Iranian herbal medicines against in vitro replication of herpes simplex virus	Moradi MT. et. al.	Avicenna J Phytomed. 2016 Sep-Oct;6(5):506-520	27761420
Angiosperm(Phanerogams)	Euphorbia spinidens	Euphorbiaceae	DNA	Class I	Herpesviridae	HSV		Butanol extract, Chloroform extract, Hexane extract, Methanol extract			A review study on the effect of Iranian herbal medicines against in vitro replication of herpes simplex virus	Moradi MT. et. al.	Avicenna J Phytomed. 2016 Sep-Oct;6(5):506-521	27761420
Angiosperm(Phanerogams)	Cuminum cyminum	Apiaceae	DNA	Class I	Herpesviridae	HSV		Methanol extract			A review study on the effect of Iranian herbal medicines against in vitro replication of herpes simplex virus	Moradi MT. et. al.	Avicenna J Phytomed. 2016 Sep-Oct;6(5):506-522	27761420
Angiosperm(Phanerogams)	Olea europaea	Oleaceae	DNA	Class I	Herpesviridae	HSV		Hydroalcoholic extract			A review study on the effect of Iranian herbal medicines against in vitro replication of herpes simplex virus	Moradi MT. et. al.	Avicenna J Phytomed. 2016 Sep-Oct;6(5):506-523	27761420
Angiosperm(Phanerogams)	Myrtus communis	Myrtaceae	DNA	Class I	Herpesviridae	HSV		Hydroalcoholic extract			A review study on the effect of Iranian herbal medicines against in vitro replication of herpes simplex virus	Moradi MT. et. al.	Avicenna J Phytomed. 2016 Sep-Oct;6(5):506-524	27761420
Angiosperm(Phanerogams)	Eucalyptus amigdalina	Myrtaceae	DNA	Class I	Herpesviridae	HSV		Hydroalcoholic extract			A review study on the effect of Iranian herbal medicines against in vitro replication of herpes simplex virus	Moradi MT. et. al.	Avicenna J Phytomed. 2016 Sep-Oct;6(5):506-525	27761420
Angiosperm(Phanerogams)	Echium amoenum	Boraginaceae	DNA	Class I	Herpesviridae	HSV		Aqueous extract			A review study on the effect of Iranian herbal medicines against in vitro replication of herpes simplex virus	Moradi MT. et. al.	Avicenna J Phytomed. 2016 Sep-Oct;6(5):506-525	27761420
Angiosperm(Phanerogams)	Scutellaria baicalensis Georgi	Lamiaceae	RNA	Class VI	Retroviridae	HIV	HIV-1		Flavonoids	Baicalin	Flavonoid baicalin inhibits HIV-1 infection at the level of viral entry	Li BQ. et. al	Biochem Biophys Res Commun. 2000 Sep 24;276(2):534-8	11027509
Angiosperm(Phanerogams)	Artemisia capillaries Thunb.	Compositae	DNA	Class I	Herpesviridae	HSV	HSV-1				Yin Chen Hao Tang, a Chinese prescription, inhibits both herpes simplex virus type-1 and type-2 infections in vitro	Cheng HY. et. al.	Antiviral Res. 2008 Jan;77(1):14-9. Epub 2007 Sep 24	17931713
Angiosperm(Phanerogams)	Artemisia capillaries Thunb.	Compositae	DNA	Class I	Herpesviridae	HSV	HSV-2				Yin Chen Hao Tang, a Chinese prescription, inhibits both herpes simplex virus type-1 and type-2 infections in vitro	Cheng HY. et. al.	Antiviral Res. 2008 Jan;77(1):14-9. Epub 2007 Sep 25	17931713
Angiosperm(Phanerogams)	Rheum officinale Baillon	Polygonaceae	DNA	Class I	Herpesviridae	HSV	HSV-1				Yin Chen Hao Tang, a Chinese prescription, inhibits both herpes simplex virus type-1 and type-2 infections in vitro	Cheng HY. et. al.	Antiviral Res. 2008 Jan;77(1):14-9. Epub 2007 Sep 26	17931713
Angiosperm(Phanerogams)	Rheum officinale Baillon	Polygonaceae	DNA	Class I	Herpesviridae	HSV	HSV-2				Yin Chen Hao Tang, a Chinese prescription, inhibits both herpes simplex virus type-1 and type-2 infections in vitro	Cheng HY. et. al.	Antiviral Res. 2008 Jan;77(1):14-9. Epub 2007 Sep 27	17931713
Angiosperm(Phanerogams)	Gardenia jasminoids Ellis	Rubiaceae	DNA	Class I	Herpesviridae	HSV	HSV-1				Yin Chen Hao Tang, a Chinese prescription, inhibits both herpes simplex virus type-1 and type-2 infections in vitro	Cheng HY. et. al.	Antiviral Res. 2008 Jan;77(1):14-9. Epub 2007 Sep 28	17931713
Angiosperm(Phanerogams)	Gardenia jasminoids Ellis	Rubiaceae	DNA	Class I	Herpesviridae	HSV	HSV-2				Yin Chen Hao Tang, a Chinese prescription, inhibits both herpes simplex virus type-1 and type-2 infections in vitro	Cheng HY. et. al.	Antiviral Res. 2008 Jan;77(1):14-9. Epub 2007 Sep 29	17931713
Angiosperm(Phanerogams)	Elsholtzia rugulosa	Lamiaceae	RNA	Class V	Orthomyxoviridae	Influenza virus			Flavonoids	Luteolin , Apiin, Galuteolin, Luteolin 3'-glucuronyl acid methyl ester	Anti-influenza virus activities of flavonoids from the medicinal plant Elsholtzia rugulosa	Liu Al. et. al.	Planta Med. 2008 Jun;74(8):847-51	18553272
Gymnosperms	Cedrus libani	Pinaceae	DNA	Class I	Herpesviridae	HSV	HSV-1	Ethanol extract	Phytochemicals		Phytochemical analysis and in vitro evaluation of the biological activity against herpes simplex virus type 1 (HSV-1) of Cedrus libani A. Rich	Loizzo MR. et. al.	Phytomedicine. 2008 Jan;15(1-2):79-83. Epub 2007 May 4	17482448
Angiosperm(Phanerogams)	Uncaria tomentosa	Rubiaceae	RNA	Class IV	Flaviviridae	DENV	DENV-2	Hydroalcoholic extract	Alkaloid		Immunomodulating and antiviral activities of Uncaria tomentosa on human monocytes infected with Dengue Virus-2	Reis SR. et. al.	Int Immunopharmacol. 2008 Mar;8(3):468-76	18279801
Angiosperm(Phanerogams)	Astilbe rivularis	Asteraceae	RNA	Class IV	Picornaviridae	Poliovirus			Flavonoids	3-methylkaempferol, 3,4'-dimethylkaempferol	Antipoliovirus flavonoids from Psiadia dentata	Robin V. et. al.	Antivir Chem Chemother. 2001 Sep;12(5):283-91	11900347
Thallophyta	Gymnogongrus griffithsiae	Phyllophoraceae	RNA	Class IV	Flaviviridae	DENV	DENV-2		Polysaccharides		The antiviral activity of sulfated polysaccharides against dengue virus is dependent on virus serotype and host cell	Talarico LB. et. al.	Antiviral Res. 2005 Jun;66(2-3):103-10. Epub 2005 Feb 26	15911027
Thallophyta	Cryptonemia crenulata	Halymeniaceae	RNA	Class IV	Flaviviridae	DENV	DENV-2		Polysaccharides		The antiviral activity of sulfated polysaccharides against dengue virus is dependent on virus serotype and host cell	Talarico LB. et. al.	Antiviral Res. 2005 Jun;66(2-3):103-10. Epub 2005 Feb 27	15911027
Thallophyta	Gymnogongrus griffithsiae	Phyllophoraceae	RNA	Class IV	Flaviviridae	DENV	DENV-3		Polysaccharides		The antiviral activity of sulfated polysaccharides against dengue virus is dependent on virus serotype and host cell	Talarico LB. et. al.	Antiviral Res. 2005 Jun;66(2-3):103-10. Epub 2005 Feb 28	15911027
Thallophyta	Cryptonemia crenulata	Halymeniaceae	RNA	Class IV	Flaviviridae	DENV	DENV-3		Polysaccharides		The antiviral activity of sulfated polysaccharides against dengue virus is dependent on virus serotype and host cell	Talarico LB. et. al.	Antiviral Res. 2005 Jun;66(2-3):103-10. Epub 2005 Feb 29	15911027
Thallophyta	Gymnogongrus griffithsiae	Phyllophoraceae	RNA	Class IV	Flaviviridae	DENV	DENV-4		Polysaccharides		The antiviral activity of sulfated polysaccharides against dengue virus is dependent on virus serotype and host cell	Talarico LB. et. al.	Antiviral Res. 2005 Jun;66(2-3):103-10. Epub 2005 Feb 30	15911027
Thallophyta	Cryptonemia crenulata	Halymeniaceae	RNA	Class IV	Flaviviridae	DENV	DENV-4		Polysaccharides		The antiviral activity of sulfated polysaccharides against dengue virus is dependent on virus serotype and host cell	Talarico LB. et. al.	Antiviral Res. 2005 Jun;66(2-3):103-10. Epub 2005 Feb 31	15911027
Angiosperm(Phanerogams)	Lycium barbarum	Solanaceae	RNA	Class V	Paramyxoviridae	NDV			Polysaccharides		Lycium barbarum polysaccharide inhibits the infectivity of Newcastle disease virus to chicken embryo fibroblast	Wang J. et. al.	Int J Biol Macromol. 2010 Mar 1;46(2):212-6	19962398
Angiosperm(Phanerogams)	Sophora flavescens	Solanaceae	RNA	Class IV	Picornaviridae	Cox	Cox-B3		Alkaloid		Antiviral effects of sophoridine against coxsackievirus B3 and its pharmacokinetics in rats	Zhang Y. et. al.	Life Sci. 2006 Mar 20;78(17):1998-2005. Epub 2005 Nov 23	16309710
Angiosperm(Phanerogams)	Eclipta alba	Asteraceae	RNA	Class IV	Flaviviridae	HCV			Phytochemicals		Identification and evaluation of anti hepatitis C virus phytochemicals from Eclipta alba	Manvar D. et. al.	J Ethnopharmacol. 2012 Dec 18;144(3):545-54	23026306
Gymnosperms	Woodwardia orientalis	Blechnaceae	RNA	Class IV	Picornaviridae	Poliovirus		Aqueous extract, Methanol extract		Woodorien	Isolation and structure of woodorien, a new glucoside having antiviral activity, from Woodwardia orientalis	Xu HX. et. al.	Chem Pharm Bull (Tokyo). 1993 Oct;41(10):1803-6	8281578
Gymnosperms	Woodwardia orientalis	Blechnaceae	DNA	Class I	Herpesviridae	HSV	HSV-1	Aqueous extract, Methanol extract		Woodorien	Isolation and structure of woodorien, a new glucoside having antiviral activity, from Woodwardia orientalis	Xu HX. et. al.	Chem Pharm Bull (Tokyo). 1993 Oct;41(10):1803-7	8281578
Angiosperm(Phanerogams)	Ulex europaeus	Fabaceae	DNA	Class I	Herpesviridae	HSV	HSV-1	Butanol extract		5-O-methylgenistein 7-O-beta D-glucopyranoside	Search for "in vitro" antiviral activity of a new isoflavonic glycoside from Ulex europaeus	De Rodriguez DJ. et. al.	Planta Med. 1990 Feb;56(1):59-62	2162546
Angiosperm(Phanerogams)	Ulex europaeus	Fabaceae	RNA	Class IV	Picornaviridae	Poliovirus		Butanol extract		5-O-methylgenistein 7-O-beta D-glucopyranoside	Search for "in vitro" antiviral activity of a new isoflavonic glycoside from Ulex europaeus	De Rodriguez DJ. et. al.	Planta Med. 1990 Feb;56(1):59-62	
